Cluster,Lesson,Progress,Score,Phase,Engagement,Best_Action_ID,Best_Action_Name,Best_Q_Value,Num_Actions_Available
0,0,0.25,0.5,0,0,7,submit_assignment (current),122.11477553867212,15
0,0,0.5,0.5,0,0,7,submit_assignment (current),122.78488284321041,15
0,0,0.75,0.75,0,1,7,submit_assignment (current),123.91538866522939,15
0,0,0.75,0.75,2,1,2,attempt_quiz (past),86.20643581999227,15
0,0,0.75,0.5,0,2,7,submit_assignment (current),128.50382817379838,15
0,0,1.0,0.5,0,2,7,submit_assignment (current),123.22079734307431,15
0,1,0.25,0.75,0,2,7,submit_assignment (current),116.91842945156948,15
0,1,0.5,0.75,1,2,9,submit_quiz (current),110.65502438747727,15
0,1,0.5,0.75,0,2,7,submit_assignment (current),109.07612701559964,15
0,1,0.75,0.75,0,2,7,submit_assignment (current),99.71328596013169,15
0,1,0.75,0.75,1,2,7,submit_assignment (current),99.35284446739642,15
0,1,0.75,0.75,2,2,7,submit_assignment (current),95.49291076945065,15
0,1,1.0,0.75,2,2,7,submit_assignment (current),87.14446698512762,15
0,1,1.0,0.5,1,2,9,submit_quiz (current),97.81035083418031,15
0,1,1.0,0.5,2,2,9,submit_quiz (current),94.29835894791066,15
0,2,0.25,0.5,0,2,7,submit_assignment (current),77.20939377391106,15
0,2,0.25,0.75,1,2,9,submit_quiz (current),82.57790803017767,15
0,2,0.5,0.75,0,2,9,submit_quiz (current),67.65686239013667,15
0,0,0.5,0.75,0,1,9,submit_quiz (current),121.52559312810541,15
0,0,0.75,0.75,1,2,7,submit_assignment (current),126.56109812308819,15
0,0,1.0,0.75,1,2,9,submit_quiz (current),123.1874987823901,15
0,0,1.0,0.75,2,2,7,submit_assignment (current),121.79124679657706,15
0,0,1.0,0.75,0,2,13,attempt_quiz (future),113.14030534609277,15
0,1,0.75,0.5,1,2,7,submit_assignment (current),103.18017389841525,15
0,2,0.5,0.5,0,2,7,submit_assignment (current),68.86700259655024,15
0,2,0.5,0.5,1,2,7,submit_assignment (current),65.23207187345122,15
0,2,0.75,0.75,1,2,7,submit_assignment (current),50.57418378234532,15
0,0,0.5,0.5,0,1,9,submit_quiz (current),127.10760445867975,15
0,0,0.75,0.5,0,1,7,submit_assignment (current),123.96642800206567,15
0,0,0.75,0.5,2,2,7,submit_assignment (current),125.87343195419632,15
0,0,1.0,0.5,2,2,7,submit_assignment (current),122.0322533948214,15
0,1,0.25,0.5,0,2,7,submit_assignment (current),117.92279397500458,15
0,1,1.0,0.75,0,2,9,submit_quiz (current),89.69859989773322,15
0,2,0.25,0.75,0,2,9,submit_quiz (current),76.28323878288813,15
0,2,0.75,0.75,0,2,7,submit_assignment (current),51.35986830592235,15
0,0,0.25,0.75,0,0,9,submit_quiz (current),123.8102183739812,15
0,0,0.5,0.75,0,0,9,submit_quiz (current),122.37388522643752,15
0,1,0.5,0.5,0,2,7,submit_assignment (current),108.43331145588382,15
0,1,0.75,0.5,0,2,7,submit_assignment (current),101.74844472397149,15
0,1,0.75,0.5,2,2,7,submit_assignment (current),98.69775637958352,15
0,2,0.25,0.5,1,2,9,submit_quiz (current),84.0654553976066,15
0,0,0.25,0.25,0,0,9,submit_quiz (current),120.06762351746623,15
0,0,0.5,0.25,0,1,7,submit_assignment (current),113.62609939055709,15
0,0,0.5,0.25,1,1,7,submit_assignment (current),57.871371261295344,14
0,0,0.75,0.5,1,2,9,submit_quiz (current),128.08829551047018,15
0,0,1.0,0.5,1,2,9,submit_quiz (current),124.5595449992795,15
0,1,0.25,0.5,1,2,9,submit_quiz (current),116.96836182396983,15
0,1,1.0,0.75,1,2,9,submit_quiz (current),90.65449622888491,15
0,0,0.5,0.5,1,1,7,submit_assignment (current),124.35067717654097,15
0,1,0.5,0.5,1,2,9,submit_quiz (current),109.61350022653357,15
0,2,0.5,0.5,0,1,7,submit_assignment (current),16.346519934305377,4
0,2,0.75,0.5,0,2,7,submit_assignment (current),55.57730497577582,15
0,0,0.25,0.5,0,1,9,submit_quiz (current),122.99679118001617,15
0,0,0.5,0.5,0,2,8,attempt_quiz (current),119.90726929855104,15
0,1,0.25,0.75,1,2,7,submit_assignment (current),114.98992696945416,15
0,0,0.25,1.0,0,0,9,submit_quiz (current),118.78775311156338,15
0,0,0.25,0.75,1,0,5,view_assignment (current),90.41292242106914,15
0,0,0.5,0.75,1,1,7,submit_assignment (current),125.71807411414996,15
0,0,0.75,0.75,1,1,9,submit_quiz (current),125.61171584162123,15
0,1,1.0,0.5,0,2,7,submit_assignment (current),89.7812522865809,15
0,0,0.75,0.75,0,2,9,submit_quiz (current),120.86837450893478,15
0,0,0.75,0.75,2,2,7,submit_assignment (current),123.58324687867655,15
0,0,0.5,0.75,1,2,2,attempt_quiz (past),108.37004091590214,15
0,2,1.0,0.75,0,2,7,submit_assignment (current),35.151707754170644,15
0,2,1.0,0.5,0,2,2,attempt_quiz (past),17.6335165080501,15
0,0,0.5,1.0,0,0,9,submit_quiz (current),107.65283531574491,15
0,0,0.5,1.0,0,1,9,submit_quiz (current),116.91908098218866,15
0,0,0.75,1.0,0,1,2,attempt_quiz (past),88.69603280689583,15
0,0,1.0,0.75,2,1,13,attempt_quiz (future),56.62090038735947,8
0,2,0.5,0.75,1,2,9,submit_quiz (current),65.23084664531005,15
0,2,0.75,0.5,1,2,7,submit_assignment (current),54.260608272502765,15
0,0,1.0,0.75,0,1,9,submit_quiz (current),79.29661064723658,14
0,1,0.25,0.5,0,1,13,attempt_quiz (future),31.976343193181844,7
0,2,0.75,0.75,2,2,7,submit_assignment (current),40.28501383935225,15
0,0,0.75,0.5,0,0,10,review_quiz (current),36.31037576319539,7
0,0,0.5,0.75,1,0,4,post_forum (past),96.69703119170751,12
0,0,0.5,0.5,1,2,8,attempt_quiz (current),121.84755410765803,15
0,0,0.75,1.0,2,1,2,attempt_quiz (past),67.38693962065342,12
0,0,1.0,1.0,2,1,11,post_forum (current),4.29337769616694,2
0,2,0.75,0.5,2,2,8,attempt_quiz (current),27.720440085460663,15
0,0,0.75,0.5,1,1,7,submit_assignment (current),126.58450395197006,15
0,0,0.25,0.5,1,0,7,submit_assignment (current),114.36468782676309,15
0,2,1.0,0.5,2,2,9,submit_quiz (current),15.309268706564568,13
2,0,0.25,0.75,0,0,9,submit_quiz (current),80.72095833554937,15
2,0,0.25,0.5,0,0,7,submit_assignment (current),77.49888506827831,15
2,0,0.5,0.5,0,0,7,submit_assignment (current),74.84907755367468,15
2,0,0.5,0.5,0,1,7,submit_assignment (current),79.79685220530381,15
2,0,0.75,0.5,0,1,13,attempt_quiz (future),64.15003208045985,15
2,0,0.75,0.5,0,2,9,submit_quiz (current),20.72873212876471,12
2,0,1.0,0.5,2,2,9,submit_quiz (current),51.707624162455254,15
2,1,0.25,0.75,1,2,9,submit_quiz (current),86.1714352308249,15
2,1,0.5,0.75,1,2,9,submit_quiz (current),82.14196482029098,15
2,1,0.75,0.75,1,2,7,submit_assignment (current),75.90067866849748,15
2,1,0.75,0.75,2,2,7,submit_assignment (current),74.54739886488566,15
2,1,1.0,0.75,2,2,7,submit_assignment (current),72.13154586914598,15
2,2,0.25,0.75,0,2,7,submit_assignment (current),66.58294183449836,15
2,2,0.25,0.75,1,2,9,submit_quiz (current),69.24961852648994,15
2,2,0.5,0.75,1,2,9,submit_quiz (current),61.54785481446981,15
2,2,0.75,0.75,1,2,9,submit_quiz (current),56.47419658329649,15
2,2,1.0,0.75,2,2,7,submit_assignment (current),50.22980323245546,15
2,2,1.0,0.75,0,2,7,submit_assignment (current),49.57573579069888,15
2,3,0.25,0.75,0,2,7,submit_assignment (current),43.15162592660148,15
2,0,0.25,1.0,0,0,9,submit_quiz (current),81.96539154657953,15
2,0,0.5,1.0,1,0,3,review_quiz (past),51.650753618786716,15
2,0,0.5,1.0,1,1,6,view_content (current),72.43492511539198,14
2,0,0.75,0.75,1,1,7,submit_assignment (current),89.48111415559731,15
2,0,1.0,0.75,1,2,7,submit_assignment (current),88.57464595866753,15
2,1,0.5,0.75,0,2,7,submit_assignment (current),80.37814592145212,15
2,1,0.75,0.75,0,2,7,submit_assignment (current),76.68682564150485,15
2,2,0.5,0.75,0,2,9,submit_quiz (current),60.326635031187166,15
2,2,0.5,1.0,0,2,7,submit_assignment (current),60.28367198243244,15
2,2,0.75,1.0,2,2,7,submit_assignment (current),51.231576197003655,15
2,3,0.25,0.75,1,2,9,submit_quiz (current),44.98679485382593,15
2,3,0.5,0.75,1,2,9,submit_quiz (current),36.4995242647765,15
2,0,0.5,1.0,0,0,9,submit_quiz (current),82.2630105592529,15
2,0,0.75,1.0,0,0,7,submit_assignment (current),45.895274183617296,15
2,0,0.75,1.0,0,1,7,submit_assignment (current),81.44773836191068,15
2,0,1.0,1.0,0,1,7,submit_assignment (current),81.57004606455325,15
2,1,0.25,1.0,0,1,8,attempt_quiz (current),40.94072939289442,15
2,1,0.25,1.0,0,2,9,submit_quiz (current),80.77515154436382,15
2,1,0.5,1.0,0,2,9,submit_quiz (current),77.66711651444572,15
2,1,0.5,1.0,0,1,1,view_content (past),0.518158153022828,3
2,1,0.75,1.0,0,2,9,submit_quiz (current),73.72779255211668,15
2,1,0.75,1.0,2,2,7,submit_assignment (current),71.37953017920789,15
2,1,1.0,0.75,1,2,9,submit_quiz (current),72.59179236816549,15
2,2,0.75,0.75,0,2,7,submit_assignment (current),56.23292815211656,15
2,2,0.75,0.75,2,2,7,submit_assignment (current),52.00945227950042,15
2,3,0.5,1.0,0,2,7,submit_assignment (current),34.327271984765076,15
2,0,0.75,0.75,0,1,7,submit_assignment (current),84.34983673237343,15
2,0,1.0,0.75,0,1,13,attempt_quiz (future),70.5980867535688,15
2,1,0.25,0.75,0,2,9,submit_quiz (current),83.70972020572205,15
2,2,0.75,1.0,0,2,9,submit_quiz (current),53.09579722766109,15
2,2,0.75,1.0,1,2,7,submit_assignment (current),55.08652268231717,15
2,2,1.0,1.0,1,2,7,submit_assignment (current),48.898330422199976,15
2,3,0.25,1.0,0,2,9,submit_quiz (current),42.21784365088105,15
2,0,0.5,1.0,0,1,7,submit_assignment (current),83.08062916490182,15
2,0,0.75,1.0,2,1,9,submit_quiz (current),78.71821413056301,15
2,0,1.0,1.0,2,2,7,submit_assignment (current),84.73067847459131,15
2,1,1.0,0.75,0,2,7,submit_assignment (current),73.04872052937677,15
2,2,0.25,0.75,0,1,9,submit_quiz (current),6.6495493485701935,9
2,2,0.5,0.75,0,1,14,post_forum (future),6.93686987667034,7
2,2,1.0,0.75,1,2,9,submit_quiz (current),51.32894512561512,15
2,0,0.5,0.75,0,0,7,submit_assignment (current),82.29229687681936,15
2,0,1.0,1.0,2,1,9,submit_quiz (current),68.68829234711099,15
2,1,1.0,1.0,2,2,2,attempt_quiz (past),64.9358236106808,15
2,2,0.25,1.0,0,2,9,submit_quiz (current),65.48597916635238,15
2,3,0.25,1.0,1,2,9,submit_quiz (current),44.355493737930665,15
2,0,0.75,0.75,2,1,13,attempt_quiz (future),68.1088015637704,15
2,0,1.0,0.75,2,2,8,attempt_quiz (current),82.52258799829269,15
2,2,0.5,1.0,1,2,9,submit_quiz (current),59.77361723048572,15
2,3,0.5,1.0,1,2,9,submit_quiz (current),33.973510091744416,15
2,0,0.5,0.75,1,0,9,submit_quiz (current),68.56750680842701,15
2,0,0.5,0.75,1,1,9,submit_quiz (current),84.59086993910245,15
2,0,0.75,0.75,1,2,8,attempt_quiz (current),86.44938699852725,15
2,2,1.0,1.0,2,2,7,submit_assignment (current),48.80825092820869,15
2,0,1.0,0.75,2,1,7,submit_assignment (current),39.660287003391346,15
2,1,0.25,1.0,1,2,7,submit_assignment (current),85.87107328638393,15
2,1,0.5,1.0,1,2,7,submit_assignment (current),81.77916861766076,15
2,1,0.75,1.0,1,2,9,submit_quiz (current),77.12783624587061,15
2,1,0.5,0.5,0,2,9,submit_quiz (current),40.633427642737736,14
2,1,0.75,0.5,0,2,2,attempt_quiz (past),19.24343294303058,12
2,1,0.75,0.5,2,2,4,post_forum (past),3.011138808806572,10
2,0,0.75,1.0,1,1,7,submit_assignment (current),85.55377817068702,15
2,0,1.0,1.0,1,2,13,attempt_quiz (future),84.1766557468983,15
2,1,1.0,1.0,1,2,9,submit_quiz (current),71.31283259566477,15
2,2,0.25,1.0,1,2,7,submit_assignment (current),66.20734600863021,15
2,3,0.75,0.75,1,2,9,submit_quiz (current),27.219563828825837,15
2,3,0.75,0.75,2,2,13,attempt_quiz (future),15.34993540491429,15
2,0,1.0,1.0,0,2,9,submit_quiz (current),78.19731190818099,15
2,2,0.5,1.0,0,1,7,submit_assignment (current),1.7099586196854033,4
2,2,0.75,1.0,0,1,9,submit_quiz (current),0.7652541897381093,4
2,2,1.0,1.0,2,1,3,review_quiz (past),2.1949752618550478,3
2,3,0.25,1.0,0,1,10,review_quiz (current),0.856439559204949,4
2,3,0.5,0.75,0,2,7,submit_assignment (current),37.51997220840006,15
2,0,0.5,0.75,0,1,7,submit_assignment (current),82.36304755608953,15
2,0,0.75,0.5,2,1,7,submit_assignment (current),37.426580640684215,14
2,2,1.0,1.0,0,2,7,submit_assignment (current),47.869830079976666,15
2,0,0.75,0.75,2,2,9,submit_quiz (current),82.35666659880361,15
2,0,1.0,1.0,1,1,9,submit_quiz (current),84.98506347451223,15
2,3,0.75,1.0,0,2,7,submit_assignment (current),25.350168615100532,15
2,3,0.75,1.0,1,2,7,submit_assignment (current),27.31624053312798,15
2,0,1.0,0.75,1,1,8,attempt_quiz (current),73.3036530948299,15
2,1,0.25,0.75,0,1,2,attempt_quiz (past),15.336845687747253,10
2,0,0.75,0.75,0,0,9,submit_quiz (current),49.80032427679011,15
2,0,1.0,0.75,0,2,7,submit_assignment (current),88.17883890626175,15
4,0,0.25,0.75,0,0,7,submit_assignment (current),96.29599821155952,15
4,0,0.25,1.0,0,0,9,submit_quiz (current),97.47551392748645,15
4,0,0.5,1.0,1,0,2,attempt_quiz (past),78.70893282266672,15
4,0,0.75,1.0,1,1,7,submit_assignment (current),96.32843449267386,15
4,0,1.0,1.0,1,1,9,submit_quiz (current),97.31163750035532,15
4,1,0.25,1.0,1,2,9,submit_quiz (current),95.29922028534797,15
4,1,0.25,1.0,0,2,7,submit_assignment (current),96.31435259886307,15
4,1,0.5,1.0,0,2,7,submit_assignment (current),91.40066740724018,15
4,1,0.75,1.0,0,2,7,submit_assignment (current),88.55155765245499,15
4,1,0.75,1.0,2,2,9,submit_quiz (current),86.71402652250637,15
4,1,1.0,1.0,1,2,9,submit_quiz (current),87.48222359387294,15
4,2,0.25,1.0,1,2,9,submit_quiz (current),83.35784761865276,15
4,2,0.5,1.0,0,2,7,submit_assignment (current),76.94322988324012,15
4,2,0.75,1.0,0,2,7,submit_assignment (current),73.11980066144635,15
4,2,1.0,1.0,0,2,9,submit_quiz (current),69.60433557979184,15
4,3,0.25,1.0,0,1,7,submit_assignment (current),4.054952361287482,6
4,3,0.5,1.0,0,1,10,review_quiz (current),1.3330270613633606,9
4,3,0.75,1.0,0,1,9,submit_quiz (current),5.6126931774097315,5
4,3,0.75,1.0,2,1,2,attempt_quiz (past),1.99107516810553,4
4,3,1.0,1.0,2,1,8,attempt_quiz (current),0.701112804590802,2
4,4,0.25,1.0,0,1,2,attempt_quiz (past),1.7914531471922717,7
4,4,0.25,1.0,0,2,7,submit_assignment (current),42.08566521591938,15
4,0,0.5,1.0,0,1,9,submit_quiz (current),89.71114101757946,15
4,1,0.5,1.0,1,2,7,submit_assignment (current),91.90234239543621,15
4,1,0.75,1.0,1,2,7,submit_assignment (current),86.95238883769892,15
4,2,0.5,1.0,1,2,7,submit_assignment (current),76.3397469521379,15
4,3,0.25,1.0,0,2,7,submit_assignment (current),64.64515835594538,15
4,3,0.5,1.0,0,2,9,submit_quiz (current),55.708341566891576,15
4,3,0.75,1.0,0,2,7,submit_assignment (current),51.14852230316756,15
4,3,1.0,1.0,0,2,7,submit_assignment (current),46.68359576158812,15
4,4,0.5,1.0,1,2,7,submit_assignment (current),28.36100958853879,15
4,4,0.75,1.0,1,2,7,submit_assignment (current),23.440151153289786,15
4,0,0.5,1.0,0,0,9,submit_quiz (current),97.48745149727438,15
4,0,0.75,1.0,0,0,7,submit_assignment (current),93.23395325147264,15
4,1,0.25,1.0,1,1,8,attempt_quiz (current),89.64230994615683,15
4,1,1.0,1.0,0,2,7,submit_assignment (current),85.66755969117187,15
4,2,0.25,1.0,0,2,7,submit_assignment (current),84.41944885525834,15
4,2,1.0,1.0,2,2,7,submit_assignment (current),68.1334540396935,15
4,3,0.75,1.0,2,2,7,submit_assignment (current),50.49836907133514,15
4,3,1.0,1.0,2,2,7,submit_assignment (current),45.65644213771114,15
4,4,0.25,1.0,1,2,7,submit_assignment (current),40.393577271397724,15
4,0,0.75,1.0,0,1,7,submit_assignment (current),97.69835933597078,15
4,0,1.0,1.0,0,1,7,submit_assignment (current),93.92281449705467,15
4,1,0.25,1.0,0,1,7,submit_assignment (current),92.27108551426063,15
4,2,0.75,1.0,2,2,9,submit_quiz (current),68.68909053762007,15
4,0,0.25,0.5,0,0,9,submit_quiz (current),62.16370770768965,15
4,0,0.5,0.75,1,1,9,submit_quiz (current),58.232199906379634,15
4,0,0.75,0.75,1,1,7,submit_assignment (current),70.75997894953052,15
4,0,1.0,1.0,1,2,2,attempt_quiz (past),93.61975061841692,15
4,3,0.25,1.0,1,2,3,review_quiz (past),63.247547027522046,15
4,3,0.5,1.0,1,2,7,submit_assignment (current),57.778965724973254,15
4,3,0.75,1.0,1,2,7,submit_assignment (current),53.02419841286011,15
4,3,1.0,1.0,1,2,9,submit_quiz (current),46.43136841415264,15
4,1,0.5,1.0,0,1,14,post_forum (future),25.652557912093734,12
4,1,1.0,1.0,2,2,7,submit_assignment (current),86.27847572048633,15
4,4,0.5,1.0,0,2,7,submit_assignment (current),27.335102998186763,15
4,0,0.75,1.0,2,1,10,review_quiz (current),83.92510387586596,15
4,2,0.75,1.0,1,2,9,submit_quiz (current),73.54867278744808,15
4,0,1.0,1.0,2,1,7,submit_assignment (current),91.27663312273162,15
4,0,0.5,0.75,0,0,9,submit_quiz (current),91.23867312494065,15
4,2,1.0,1.0,1,2,7,submit_assignment (current),68.78858569091885,15
4,0,0.75,0.75,0,0,9,submit_quiz (current),69.77058845289945,15
4,0,0.5,0.75,0,1,2,attempt_quiz (past),74.02504620022364,15
4,0,0.75,0.75,2,1,7,submit_assignment (current),64.78117450517709,15
4,0,1.0,0.75,0,1,2,attempt_quiz (past),47.888511649797636,14
4,0,0.75,1.0,1,0,7,submit_assignment (current),27.993299793529456,14
4,0,1.0,1.0,2,2,7,submit_assignment (current),94.02332066791357,15
4,0,1.0,0.75,2,1,7,submit_assignment (current),62.625623941555794,15
4,1,0.25,0.75,1,2,9,submit_quiz (current),76.7742679630139,15
4,1,0.5,0.75,1,2,7,submit_assignment (current),57.44181494365714,15
4,1,0.5,0.75,0,2,9,submit_quiz (current),54.1619339658358,15
4,1,0.75,0.75,0,2,8,attempt_quiz (current),37.265571807214954,15
4,0,1.0,0.75,0,0,7,submit_assignment (current),19.394578651976527,6
4,4,0.25,0.75,1,2,2,attempt_quiz (past),29.044868324392148,15
4,4,1.0,1.0,1,2,7,submit_assignment (current),15.261883532917274,15
4,4,0.75,1.0,0,2,7,submit_assignment (current),19.96625585297737,15
0,0,0.75,0.25,2,2,9,submit_quiz (current),35.42308295879634,12
0,0,1.0,0.5,0,1,8,attempt_quiz (current),57.72914192522065,14
0,1,0.5,0.75,0,1,10,review_quiz (current),3.329547691342743,2
0,0,1.0,1.0,0,2,7,submit_assignment (current),30.73175083692167,8
0,0,0.75,0.25,0,1,8,attempt_quiz (current),66.93265761117615,15
0,0,0.75,0.5,2,1,7,submit_assignment (current),89.71209448347278,15
0,2,1.0,0.75,1,2,7,submit_assignment (current),33.42607563528074,15
0,2,1.0,0.5,1,2,7,submit_assignment (current),30.993125993390464,15
0,0,0.25,0.5,1,1,6,view_content (current),111.51813424478684,14
0,1,1.0,0.5,0,1,8,attempt_quiz (current),10.523302317463191,4
0,0,0.5,1.0,1,1,7,submit_assignment (current),29.329617590717056,8
0,0,0.75,1.0,1,1,9,submit_quiz (current),38.70981407114735,12
2,0,1.0,0.5,0,1,2,attempt_quiz (past),12.977890232033584,11
2,1,0.25,0.5,0,2,7,submit_assignment (current),54.78640289875443,15
2,3,0.75,0.75,0,2,7,submit_assignment (current),26.385182058651417,15
2,0,0.75,0.5,1,1,2,attempt_quiz (past),54.299265049292316,15
2,0,0.75,0.5,1,2,7,submit_assignment (current),67.4054178386071,15
2,0,1.0,0.5,1,2,9,submit_quiz (current),79.27409590174005,15
2,3,1.0,0.75,0,2,7,submit_assignment (current),14.226382507105566,15
2,0,0.75,1.0,2,2,2,attempt_quiz (past),69.80001378474142,15
2,0,1.0,0.5,0,2,2,attempt_quiz (past),25.53563701676849,12
2,2,0.75,0.75,2,1,11,post_forum (current),0.16517858749822645,2
2,3,0.25,0.75,0,1,8,attempt_quiz (current),1.826863246109693,5
2,2,1.0,0.75,1,1,10,review_quiz (current),0.5722058774576798,2
2,1,1.0,1.0,0,2,9,submit_quiz (current),69.59256086528231,15
4,0,0.5,0.5,0,1,13,attempt_quiz (future),36.80914554965187,15
4,0,0.75,0.5,0,1,2,attempt_quiz (past),12.736338779101501,8
4,0,0.75,0.5,2,1,7,submit_assignment (current),9.96880185533231,13
4,0,1.0,0.5,0,1,7,submit_assignment (current),3.151394742144382,5
4,1,0.25,0.75,0,2,9,submit_quiz (current),75.70482554518816,15
4,1,0.25,0.75,1,1,11,post_forum (current),2.199401208607435,3
4,2,0.25,0.75,1,2,2,attempt_quiz (past),55.09531238520752,15
4,2,0.25,0.75,0,2,13,attempt_quiz (future),51.67535722152947,15
4,2,0.5,0.75,1,2,7,submit_assignment (current),55.015755931470295,15
4,0,0.75,0.75,0,1,13,attempt_quiz (future),76.62664043293798,15
4,1,0.75,0.75,2,2,7,submit_assignment (current),32.87689938008561,15
4,1,1.0,0.75,2,2,7,submit_assignment (current),28.5457048399681,15
4,3,0.75,0.75,1,2,9,submit_quiz (current),33.429201651190816,15
4,3,1.0,0.75,1,2,7,submit_assignment (current),32.904420122312025,15
4,0,1.0,0.75,1,1,8,attempt_quiz (current),56.651401070026566,12
4,0,1.0,0.75,1,2,2,attempt_quiz (past),71.11213143236175,15
4,1,0.75,0.75,1,2,9,submit_quiz (current),47.15838128139901,15
4,1,1.0,0.75,1,2,9,submit_quiz (current),49.77100927779838,15
4,2,0.5,0.75,0,2,7,submit_assignment (current),40.531834505843555,15
4,3,0.25,0.75,0,2,2,attempt_quiz (past),44.93421230058348,15
4,3,0.5,0.75,1,2,9,submit_quiz (current),30.13560588822388,15
4,4,0.25,0.75,0,2,7,submit_assignment (current),26.129039133132853,15
4,0,1.0,0.75,0,2,7,submit_assignment (current),25.095428878521545,12
4,2,0.75,0.75,0,2,8,attempt_quiz (current),25.44064178313244,15
4,2,1.0,0.75,0,2,7,submit_assignment (current),11.041385808793386,11
4,0,1.0,1.0,0,2,1,view_content (past),79.29941843421827,15
0,0,0.75,1.0,1,2,7,submit_assignment (current),19.28038465011564,6
0,0,1.0,1.0,2,2,2,attempt_quiz (past),68.94114307089387,12
0,0,1.0,0.25,0,1,3,review_quiz (past),7.965858905986266,4
0,0,1.0,0.25,0,2,13,attempt_quiz (future),49.638033347501604,12
0,1,0.25,0.25,0,1,13,attempt_quiz (future),13.546898357112312,3
0,1,0.25,0.25,0,2,7,submit_assignment (current),47.47288685608618,10
0,0,1.0,0.5,2,1,4,post_forum (past),33.75808352642059,8
0,0,0.75,1.0,2,2,7,submit_assignment (current),54.886829637892,13
0,0,0.25,0.25,1,1,13,attempt_quiz (future),18.32170124674776,6
0,1,0.5,0.5,0,1,7,submit_assignment (current),29.34270976363618,5
0,1,1.0,0.75,2,1,3,review_quiz (past),7.437198776608392,4
0,0,0.75,0.25,0,2,2,attempt_quiz (past),66.82006813495846,12
0,0,1.0,0.25,2,2,8,attempt_quiz (current),50.86767018424676,13
0,1,0.25,0.25,1,2,13,attempt_quiz (future),14.978022265415836,8
0,1,0.5,0.25,1,2,12,view_content (future),0.07955552962360289,1
0,1,0.5,0.25,0,2,9,submit_quiz (current),8.89798554045297,7
0,1,0.75,0.25,0,2,8,attempt_quiz (current),15.133652177460512,5
0,1,0.75,0.25,2,2,2,attempt_quiz (past),12.582416989073499,2
0,0,0.75,1.0,0,2,2,attempt_quiz (past),17.94606095769234,5
2,2,0.75,0.5,1,2,8,attempt_quiz (current),25.507085805355317,14
2,1,0.25,0.5,1,2,9,submit_quiz (current),70.04943377952434,15
2,0,0.75,0.5,2,2,7,submit_assignment (current),49.04210164127545,14
2,1,0.5,0.5,1,2,9,submit_quiz (current),50.42367929631062,12
2,1,0.5,0.75,0,1,3,review_quiz (past),0.05143211084050861,1
2,1,0.75,0.75,0,1,2,attempt_quiz (past),6.606068615831827,3
2,0,0.25,0.75,1,0,7,submit_assignment (current),36.66389555954242,12
2,3,0.25,0.5,1,2,9,submit_quiz (current),13.42604740402861,15
2,0,1.0,0.5,1,1,4,post_forum (past),0.09205948490467346,1
4,0,1.0,0.75,2,2,2,attempt_quiz (past),55.32220371169689,15
4,2,0.75,0.75,2,2,9,submit_quiz (current),22.62118976781979,13
4,2,1.0,0.75,2,2,7,submit_assignment (current),27.93379813702156,15
4,3,0.5,0.75,0,2,7,submit_assignment (current),32.38954157643964,14
4,3,0.75,0.75,2,2,7,submit_assignment (current),15.284378765517436,14
4,3,1.0,0.75,2,2,13,attempt_quiz (future),16.03032676927792,13
4,3,1.0,1.0,0,1,10,review_quiz (current),2.7000510647825298,7
4,1,1.0,1.0,0,1,14,post_forum (future),0.7892625652052659,5
4,2,0.25,1.0,0,1,7,submit_assignment (current),6.257251503007309,6
4,2,0.5,1.0,0,1,9,submit_quiz (current),5.573935441148803,5
4,0,1.0,1.0,0,0,3,review_quiz (past),7.0362439385386555,4
4,2,0.75,1.0,0,1,3,review_quiz (past),4.051893688509512,5
4,2,1.0,1.0,0,1,8,attempt_quiz (current),2.9795280367291075,4
4,0,0.75,1.0,1,2,9,submit_quiz (current),37.36869978965545,11
4,1,1.0,0.75,0,2,2,attempt_quiz (past),33.3674027814642,15
4,2,0.75,0.75,1,2,9,submit_quiz (current),50.15413089549264,15
4,2,1.0,0.75,1,2,9,submit_quiz (current),49.62868641231255,15
4,3,0.25,0.75,1,2,9,submit_quiz (current),48.52561417635301,15
0,2,0.25,0.5,0,1,0,view_assignment (past),19.230929317438843,6
0,0,0.25,0.25,0,1,9,submit_quiz (current),102.5515632314135,15
0,1,1.0,0.5,2,1,2,attempt_quiz (past),9.381336456339543,4
0,1,0.25,1.0,0,2,2,attempt_quiz (past),34.503731710019046,8
0,1,0.25,1.0,0,1,10,review_quiz (current),0.9259451544114261,3
0,1,0.5,1.0,0,1,11,post_forum (current),0.01194592082824878,2
0,1,0.5,1.0,0,2,13,attempt_quiz (future),15.215576216961779,5
0,1,0.75,1.0,0,1,1,view_content (past),0.007548816825987534,1
0,1,0.75,1.0,2,1,3,review_quiz (past),0.2321931904863827,1
0,1,1.0,1.0,2,2,2,attempt_quiz (past),9.975378231677745,5
0,2,0.25,1.0,0,2,13,attempt_quiz (future),1.3272469209373838,2
0,0,0.75,0.25,2,1,2,attempt_quiz (past),42.13174920146719,10
2,3,0.75,1.0,2,2,9,submit_quiz (current),13.544067027514439,15
2,0,0.75,0.75,0,2,13,attempt_quiz (future),71.2499925051913,15
2,1,0.25,0.5,0,1,8,attempt_quiz (current),7.673243010772338,6
2,1,1.0,0.5,2,2,13,attempt_quiz (future),18.410204920284734,14
2,3,0.75,1.0,0,1,8,attempt_quiz (current),0.06796365557732692,1
2,1,1.0,0.5,1,2,7,submit_assignment (current),33.271473743521625,15
2,0,0.5,0.5,1,1,8,attempt_quiz (current),61.69335037550474,15
2,1,1.0,0.75,0,1,13,attempt_quiz (future),4.486286771676221,5
4,0,0.5,0.75,1,0,7,submit_assignment (current),60.91549645628069,13
4,0,0.5,1.0,1,1,8,attempt_quiz (current),31.08060188795007,10
4,1,0.25,0.75,0,1,7,submit_assignment (current),37.50358854513306,14
4,1,0.75,0.75,0,1,2,attempt_quiz (past),0.48803922701589386,1
0,2,1.0,0.75,2,2,13,attempt_quiz (future),24.034845582839548,15
0,0,0.5,0.75,0,2,4,post_forum (past),104.95279028590276,12
0,2,1.0,0.5,0,1,9,submit_quiz (current),1.2609618672073533,2
0,3,0.25,0.5,0,2,5,view_assignment (current),0.15738350154893868,2
2,0,0.25,0.5,1,0,2,attempt_quiz (past),15.214329522120785,8
2,0,0.25,0.5,1,1,14,post_forum (future),9.611069465800929,11
2,1,0.75,1.0,0,1,9,submit_quiz (current),7.285360850694027,6
2,1,1.0,1.0,0,1,14,post_forum (future),3.0783176823102663,5
2,2,0.25,1.0,0,1,8,attempt_quiz (current),1.4000538454134412,9
4,3,0.75,0.75,0,2,7,submit_assignment (current),23.172226918986787,15
4,4,1.0,1.0,0,2,8,attempt_quiz (current),8.189992767578335,15
0,1,0.25,1.0,1,2,13,attempt_quiz (future),29.213174224247254,4
0,0,0.5,0.5,1,0,13,attempt_quiz (future),39.84083390673192,7
0,1,0.25,0.75,0,1,7,submit_assignment (current),13.100640152324562,3
2,3,0.5,0.5,1,2,9,submit_quiz (current),13.669034569758269,7
2,1,0.25,1.0,1,1,9,submit_quiz (current),12.819866767884113,7
2,0,0.75,1.0,1,0,5,view_assignment (current),0.27117286135500546,1
2,3,1.0,0.75,1,2,9,submit_quiz (current),16.625233108706357,15
4,4,0.75,1.0,2,2,2,attempt_quiz (past),11.014218164064335,15
4,0,0.5,0.5,0,0,2,attempt_quiz (past),30.68202385536493,12
0,0,1.0,1.0,1,2,13,attempt_quiz (future),27.89876213547759,9
0,1,0.75,1.0,1,2,9,submit_quiz (current),2.3550303410149405,3
0,0,0.75,0.25,1,2,9,submit_quiz (current),79.53692491091292,11
2,2,0.25,0.5,1,2,7,submit_assignment (current),34.25503403162442,13
2,3,1.0,0.75,2,2,10,review_quiz (current),6.246541790313938,10
2,3,1.0,1.0,0,2,3,review_quiz (past),7.752286746799414,15
2,3,1.0,1.0,2,2,7,submit_assignment (current),14.788741394380924,15
4,0,1.0,0.5,2,1,2,attempt_quiz (past),7.585790038894292,4
4,1,0.25,0.5,0,1,2,attempt_quiz (past),4.6570477835303805,3
4,5,0.25,1.0,1,2,3,review_quiz (past),8.297132879342731,15
0,0,1.0,0.75,1,1,7,submit_assignment (current),56.40593655139696,8
0,2,0.75,0.5,0,1,13,attempt_quiz (future),4.3604691076903785,3
2,0,0.75,1.0,1,2,2,attempt_quiz (past),66.64707644777658,13
2,2,1.0,0.5,1,2,7,submit_assignment (current),29.499173685823777,13
2,0,0.75,0.5,0,0,2,attempt_quiz (past),2.3122878684185344,4
2,0,1.0,0.5,2,1,13,attempt_quiz (future),17.1470621685208,8
2,3,1.0,1.0,1,2,9,submit_quiz (current),19.09410766076982,15
2,1,1.0,0.5,0,2,3,review_quiz (past),8.247379929758281,6
2,2,0.25,0.5,0,2,9,submit_quiz (current),40.30283537954834,14
2,2,0.5,0.5,0,1,8,attempt_quiz (current),1.3909016178361726,1
2,1,1.0,1.0,2,1,14,post_forum (future),0.22312104114783968,2
4,1,0.5,1.0,1,1,14,post_forum (future),5.189196941006807,3
0,1,0.5,0.5,1,1,7,submit_assignment (current),3.8273593542197455,2
0,2,0.75,0.75,0,1,5,view_assignment (current),4.568153149095658,2
0,0,0.5,0.25,0,0,7,submit_assignment (current),89.89554912205223,14
2,2,1.0,1.0,0,1,5,view_assignment (current),0.2527130584941405,2
2,3,0.25,0.5,0,2,9,submit_quiz (current),24.773219672708912,12
2,0,0.75,1.0,0,2,2,attempt_quiz (past),45.19159652506809,10
2,3,0.5,0.75,0,1,13,attempt_quiz (future),0.40166504760449934,1
2,2,0.5,0.5,1,2,9,submit_quiz (current),23.79249813429419,11
2,2,0.75,0.75,0,1,4,post_forum (past),0.6234282216291782,4
4,4,0.5,0.75,1,2,7,submit_assignment (current),13.239111205831463,13
4,1,0.25,0.5,0,2,6,view_content (current),0.41325673946186237,3
4,1,0.5,0.5,0,2,13,attempt_quiz (future),0.7867720255256506,5
4,1,0.75,0.5,2,2,2,attempt_quiz (past),0.7877369277671501,3
0,1,0.75,0.5,0,1,9,submit_quiz (current),14.838390957789397,4
0,3,0.25,0.75,1,2,7,submit_assignment (current),12.017349365008592,12
0,1,1.0,0.75,0,1,13,attempt_quiz (future),10.648943988556724,6
0,2,0.25,0.75,0,1,8,attempt_quiz (current),8.767367118106153,5
0,0,1.0,1.0,0,1,2,attempt_quiz (past),15.440624432421798,4
2,1,1.0,0.75,2,1,4,post_forum (past),1.4416665451764918,3
2,1,0.75,0.5,1,2,7,submit_assignment (current),43.45519923719355,13
4,2,1.0,1.0,2,1,1,view_content (past),0.5280294799513517,3
4,0,0.75,1.0,2,2,8,attempt_quiz (current),18.87326078451502,5
4,0,0.75,0.75,2,0,11,post_forum (current),10.165127267958518,4
2,2,0.5,0.5,0,2,8,attempt_quiz (current),30.215093009153268,10
2,2,1.0,0.75,2,1,9,submit_quiz (current),1.6385686162478414,1
4,1,0.75,1.0,0,1,7,submit_assignment (current),1.6994347528617757,5
4,4,1.0,1.0,2,2,7,submit_assignment (current),7.966595139750575,13
4,0,0.75,0.5,0,0,12,view_content (future),0.1963819367712469,2
0,2,0.5,0.75,0,1,3,review_quiz (past),2.866034296326223,2
0,0,0.75,0.25,1,1,13,attempt_quiz (future),17.013309704691178,8
2,3,0.5,0.5,0,2,13,attempt_quiz (future),7.2844524539584015,6
2,4,0.25,1.0,1,2,7,submit_assignment (current),9.64423849760245,14
2,2,0.75,0.75,1,1,0,view_assignment (past),0.10663305071899708,1
2,1,0.25,0.75,1,1,7,submit_assignment (current),7.462792349178196,7
2,2,1.0,0.5,0,2,8,attempt_quiz (current),6.843304791317267,5
0,1,1.0,0.25,1,2,4,post_forum (past),3.0629358355680454,4
0,2,0.25,0.25,1,2,7,submit_assignment (current),19.666555731638837,2
2,2,1.0,0.75,0,1,11,post_forum (current),2.5824469018252536,3
4,4,0.5,1.0,0,1,7,submit_assignment (current),2.032545229226557,5
4,0,0.25,0.75,1,0,2,attempt_quiz (past),2.5799044565334737,2
4,0,0.75,0.75,1,2,7,submit_assignment (current),26.615668220233193,12
0,1,0.75,0.75,0,1,9,submit_quiz (current),14.722616357544553,4
0,2,0.25,0.5,1,1,1,view_content (past),0.075,1
0,2,0.5,0.5,1,1,9,submit_quiz (current),3.8238846492142,1
2,4,0.25,1.0,0,2,9,submit_quiz (current),6.579093589129589,13
4,3,1.0,0.75,0,2,9,submit_quiz (current),19.97949087514874,12
2,0,0.25,0.5,0,1,13,attempt_quiz (future),25.298611310890813,6
2,2,0.75,0.5,0,2,9,submit_quiz (current),22.425191810753745,7
2,2,0.75,0.5,2,2,7,submit_assignment (current),5.244818383184935,8
2,2,1.0,0.5,2,2,13,attempt_quiz (future),20.19510775049337,12
4,4,0.75,1.0,0,1,7,submit_assignment (current),0.8108956200781021,3
2,0,0.5,0.5,1,2,9,submit_quiz (current),16.48191983409305,9
2,0,0.5,0.5,0,2,5,view_assignment (current),3.8191509288911107,2
2,0,1.0,0.75,0,0,9,submit_quiz (current),1.0949888578320817,1
0,0,0.5,1.0,1,0,2,attempt_quiz (past),32.23594631157368,4
4,0,1.0,0.5,1,1,6,view_content (current),0.175893,2
4,4,0.5,0.75,0,2,13,attempt_quiz (future),8.393168907498628,13
4,1,0.5,0.75,0,1,7,submit_assignment (current),3.2197660745755723,4
0,0,1.0,0.25,1,2,13,attempt_quiz (future),29.92213107786219,5
0,0,0.25,0.25,1,0,9,submit_quiz (current),24.41909211612329,5
2,0,0.5,0.5,1,0,3,review_quiz (past),1.920384508964268,1
0,0,0.75,0.75,0,0,4,post_forum (past),25.19398950973727,5
4,5,0.25,1.0,0,2,6,view_content (current),0.9201357977270296,8
0,1,0.75,0.5,2,1,14,post_forum (future),7.509715282364488,1
0,0,1.0,0.5,1,1,12,view_content (future),25.726941994749488,3
2,4,0.25,0.75,0,2,9,submit_quiz (current),1.8520414087943686,9
4,0,0.75,0.75,2,2,9,submit_quiz (current),10.870132122749819,6
0,0,0.25,0.5,0,2,1,view_content (past),32.35081646909914,2
4,1,1.0,1.0,2,1,2,attempt_quiz (past),3.1233985731391214,3
4,0,1.0,0.5,2,2,2,attempt_quiz (past),14.890940286895423,7
0,0,0.5,0.25,0,2,9,submit_quiz (current),61.77833658298222,4
2,4,0.25,0.75,1,2,9,submit_quiz (current),9.326396115686254,15
2,0,0.5,0.75,0,2,6,view_content (current),4.722951264157507,2
4,1,0.75,1.0,2,1,2,attempt_quiz (past),5.495723871869745,2
2,1,0.75,0.75,2,1,4,post_forum (past),4.111276208759152,2
0,2,0.5,0.25,0,2,13,attempt_quiz (future),13.380519823170198,4
4,0,0.25,0.5,1,0,14,post_forum (future),-0.04,1
4,0,0.5,0.5,1,1,11,post_forum (current),0.19910987688883774,4
4,0,0.75,0.5,1,1,13,attempt_quiz (future),3.908071078094878,2
0,0,0.75,1.0,0,0,4,post_forum (past),9.983895074810501,2
0,0,1.0,0.25,2,1,4,post_forum (past),2.593483944361924,1
4,3,0.25,1.0,1,1,14,post_forum (future),3.6634438204441353,1
0,0,0.5,0.25,1,2,2,attempt_quiz (past),46.17151330193532,8
4,4,0.75,0.75,0,2,2,attempt_quiz (past),0.9273692155287302,4
0,2,0.75,1.0,1,2,13,attempt_quiz (future),11.413719028684671,3
0,2,1.0,1.0,1,2,12,view_content (future),0.1606875,3
0,2,1.0,1.0,2,2,1,view_content (past),0.1541081262100138,2
0,1,1.0,0.75,1,1,12,view_content (future),1.4047746350453558,1
4,1,0.75,0.5,0,2,14,post_forum (future),0.2598680065103034,1
4,1,1.0,0.5,2,2,13,attempt_quiz (future),0.793060865708508,1
0,3,0.25,0.75,0,2,7,submit_assignment (current),2.5175649266361426,5
0,1,0.75,0.25,1,2,1,view_content (past),0.5674804010989503,2
0,2,0.25,0.25,0,2,8,attempt_quiz (current),38.7452303830067,2
2,4,0.5,1.0,1,2,7,submit_assignment (current),2.072,5
4,0,0.75,0.5,2,2,6,view_content (current),0.250437879756434,1
4,4,0.75,0.75,1,2,13,attempt_quiz (future),3.7494426165388752,9
4,3,0.25,0.75,1,1,4,post_forum (past),1.1799000391848136,1
0,1,0.75,1.0,0,2,10,review_quiz (current),0.08621675440203984,1
0,1,0.75,1.0,2,2,9,submit_quiz (current),12.55070773156453,3
0,2,0.25,1.0,1,2,13,attempt_quiz (future),17.165142027472825,1
2,0,0.5,0.75,1,2,2,attempt_quiz (past),15.04777950668776,4
4,0,0.75,0.5,1,2,5,view_assignment (current),1.0743854166991884,1
0,3,0.25,0.5,1,2,7,submit_assignment (current),3.0735368738901863,3
2,3,0.75,0.5,1,2,5,view_assignment (current),0.34170395626873007,3
0,2,0.5,0.25,1,2,8,attempt_quiz (current),7.685180107880713,3
4,5,0.5,1.0,1,2,13,attempt_quiz (future),1.1251456,3
4,4,1.0,0.75,1,2,13,attempt_quiz (future),1.4954940556681495,2
0,3,0.5,0.75,1,2,0,view_assignment (past),0.075,1
0,3,0.25,1.0,1,2,13,attempt_quiz (future),1.4901018212858852,1
4,5,0.5,1.0,0,2,7,submit_assignment (current),0.5648000000000001,1
2,4,0.75,1.0,1,2,8,attempt_quiz (current),0.2,1
2,4,0.5,0.75,1,2,13,attempt_quiz (future),0.5483700368376908,2
0,2,0.5,1.0,0,2,6,view_content (current),0.21375,1
0,2,0.75,1.0,0,2,11,post_forum (current),0.15,1
0,2,0.75,1.0,2,2,13,attempt_quiz (future),6.495977155122073,1
2,4,0.5,0.75,0,2,14,post_forum (future),-0.05,1
4,0,0.75,0.75,0,2,2,attempt_quiz (past),5.601614116265087,1
2,4,0.5,1.0,0,2,4,post_forum (past),0.573375,1
0,1,1.0,0.25,0,2,8,attempt_quiz (current),12.202606760360297,2
4,0,0.75,1.0,0,2,0,view_assignment (past),5.8218550463322165,1
