Cluster,Progress,Score,Phase,Engagement,Action_ID,Action_Name,Q_Value
2,0.25,0.75,0,2,6,view_content (current),36.76202984779976
2,0.25,0.75,0,2,10,review_quiz (current),37.94531099477058
2,0.25,0.75,0,2,14,post_forum (future),36.233489283403124
2,0.25,0.75,0,2,9,submit_quiz (current),39.92291356583802
2,0.25,0.75,0,2,2,attempt_quiz (past),36.02017346276112
2,0.25,0.75,0,2,5,view_assignment (current),37.045442940548014
2,0.25,0.75,0,2,7,submit_assignment (current),43.15162592660148
2,0.25,0.75,0,2,13,attempt_quiz (future),38.30511543631597
2,0.25,0.75,0,2,3,review_quiz (past),35.66477900369556
2,0.25,0.75,0,2,1,view_content (past),35.91156853116713
2,0.25,0.75,0,2,0,view_assignment (past),37.667465872974866
2,0.25,0.75,0,2,11,post_forum (current),38.555196585913464
2,0.25,0.75,0,2,12,view_content (future),36.54049781417527
2,0.25,0.75,0,2,8,attempt_quiz (current),32.96802582381774
2,0.25,0.75,0,2,4,post_forum (past),38.15110363008518
2,0.25,0.75,1,2,13,attempt_quiz (future),40.96007372379355
2,0.25,0.75,1,2,1,view_content (past),40.50701674591192
2,0.25,0.75,1,2,3,review_quiz (past),41.586847483127876
2,0.25,0.75,1,2,2,attempt_quiz (past),39.62734918193277
2,0.25,0.75,1,2,10,review_quiz (current),39.055828845229286
2,0.25,0.75,1,2,0,view_assignment (past),40.20727214664802
2,0.25,0.75,1,2,11,post_forum (current),40.65977936268464
2,0.25,0.75,1,2,9,submit_quiz (current),44.98679485382593
2,0.25,0.75,1,2,5,view_assignment (current),40.7149520439473
2,0.25,0.75,1,2,8,attempt_quiz (current),40.77679246029044
2,0.25,0.75,1,2,6,view_content (current),38.26606201357863
2,0.25,0.75,1,2,12,view_content (future),40.2356438317618
2,0.25,0.75,1,2,7,submit_assignment (current),42.649509318741224
2,0.25,0.75,1,2,14,post_forum (future),40.22480554427659
2,0.25,0.75,1,2,4,post_forum (past),38.70456189940468
2,0.5,0.75,1,2,7,submit_assignment (current),34.01761160591872
2,0.5,0.75,1,2,12,view_content (future),29.042240699939164
2,0.5,0.75,1,2,14,post_forum (future),28.740320208561037
2,0.5,0.75,1,2,3,review_quiz (past),29.370566346357773
2,0.5,0.75,1,2,1,view_content (past),29.265029819388666
2,0.5,0.75,1,2,5,view_assignment (current),27.519192706344104
2,0.5,0.75,1,2,13,attempt_quiz (future),27.683856681903784
2,0.5,0.75,1,2,9,submit_quiz (current),36.4995242647765
2,0.5,0.75,1,2,4,post_forum (past),29.969957184272367
2,0.5,0.75,1,2,2,attempt_quiz (past),29.12916346742304
2,0.5,0.75,1,2,8,attempt_quiz (current),27.741835905695268
2,0.5,0.75,1,2,10,review_quiz (current),32.493332706169866
2,0.5,0.75,1,2,6,view_content (current),30.250349229233855
2,0.5,0.75,1,2,11,post_forum (current),29.964872329131328
2,0.5,0.75,1,2,0,view_assignment (past),29.24097069540879
2,0.5,1.0,0,2,11,post_forum (current),22.746244816667932
2,0.5,1.0,0,2,4,post_forum (past),22.363182187296047
2,0.5,1.0,0,2,13,attempt_quiz (future),20.67750168020001
2,0.5,1.0,0,2,6,view_content (current),21.585378700431022
2,0.5,1.0,0,2,9,submit_quiz (current),25.825682471158036
2,0.5,1.0,0,2,0,view_assignment (past),24.040975731048746
2,0.5,1.0,0,2,10,review_quiz (current),26.742882285056456
2,0.5,1.0,0,2,8,attempt_quiz (current),21.56232032019467
2,0.5,1.0,0,2,14,post_forum (future),23.348544704227287
2,0.5,1.0,0,2,5,view_assignment (current),18.40017105182278
2,0.5,1.0,0,2,3,review_quiz (past),23.582476531778113
2,0.5,1.0,0,2,12,view_content (future),24.150711360113046
2,0.5,1.0,0,2,7,submit_assignment (current),34.327271984765076
2,0.5,1.0,0,2,1,view_content (past),18.110467372941862
2,0.5,1.0,0,2,2,attempt_quiz (past),20.611233636670217
2,0.25,1.0,0,2,0,view_assignment (past),31.081613491319615
2,0.25,1.0,0,2,10,review_quiz (current),30.27753424783955
2,0.25,1.0,0,2,12,view_content (future),32.46793726531102
2,0.25,1.0,0,2,5,view_assignment (current),30.500664585983905
2,0.25,1.0,0,2,11,post_forum (current),27.27696660722912
2,0.25,1.0,0,2,13,attempt_quiz (future),31.312035180033213
2,0.25,1.0,0,2,14,post_forum (future),28.207247990192876
2,0.25,1.0,0,2,2,attempt_quiz (past),33.7554969145313
2,0.25,1.0,0,2,6,view_content (current),31.554871906560418
2,0.25,1.0,0,2,4,post_forum (past),32.200294449157376
2,0.25,1.0,0,2,9,submit_quiz (current),42.21784365088105
2,0.25,1.0,0,2,3,review_quiz (past),30.593347183880685
2,0.25,1.0,0,2,8,attempt_quiz (current),33.63270436789914
2,0.25,1.0,0,2,7,submit_assignment (current),31.83855024795123
2,0.25,1.0,0,2,1,view_content (past),28.391661393492495
2,0.25,1.0,1,2,10,review_quiz (current),36.675288434911565
2,0.25,1.0,1,2,14,post_forum (future),38.101684929863126
2,0.25,1.0,1,2,6,view_content (current),35.90920029698232
2,0.25,1.0,1,2,5,view_assignment (current),34.95852560560643
2,0.25,1.0,1,2,4,post_forum (past),33.67742647412619
2,0.25,1.0,1,2,8,attempt_quiz (current),35.896708442831155
2,0.25,1.0,1,2,3,review_quiz (past),34.453997663572714
2,0.25,1.0,1,2,9,submit_quiz (current),44.355493737930665
2,0.25,1.0,1,2,0,view_assignment (past),37.61456403304584
2,0.25,1.0,1,2,7,submit_assignment (current),39.39460059932591
2,0.25,1.0,1,2,11,post_forum (current),37.674924877252
2,0.25,1.0,1,2,12,view_content (future),37.435623706792846
2,0.25,1.0,1,2,2,attempt_quiz (past),35.951712682258346
2,0.25,1.0,1,2,1,view_content (past),36.946539803976016
2,0.25,1.0,1,2,13,attempt_quiz (future),39.20422075187877
2,0.5,1.0,1,2,14,post_forum (future),23.71715068776807
2,0.5,1.0,1,2,0,view_assignment (past),25.648589680532915
2,0.5,1.0,1,2,3,review_quiz (past),26.623891066306314
2,0.5,1.0,1,2,9,submit_quiz (current),33.973510091744416
2,0.5,1.0,1,2,5,view_assignment (current),22.13727055890722
2,0.5,1.0,1,2,4,post_forum (past),26.4546224470988
2,0.5,1.0,1,2,1,view_content (past),25.87930950817303
2,0.5,1.0,1,2,13,attempt_quiz (future),22.362971395722333
2,0.5,1.0,1,2,7,submit_assignment (current),29.10377950910281
2,0.5,1.0,1,2,10,review_quiz (current),28.08459091193738
2,0.5,1.0,1,2,6,view_content (current),26.8362596724536
2,0.5,1.0,1,2,8,attempt_quiz (current),27.78673027828957
2,0.5,1.0,1,2,12,view_content (future),23.386105565847352
2,0.5,1.0,1,2,2,attempt_quiz (past),23.076907963952145
2,0.5,1.0,1,2,11,post_forum (current),27.295218677969373
2,0.75,0.75,1,2,4,post_forum (past),18.721861050470746
2,0.75,0.75,1,2,0,view_assignment (past),16.898789161529244
2,0.75,0.75,1,2,3,review_quiz (past),17.266850837714195
2,0.75,0.75,1,2,8,attempt_quiz (current),18.242943342209614
2,0.75,0.75,1,2,12,view_content (future),21.074497471272164
2,0.75,0.75,1,2,1,view_content (past),18.517275983200225
2,0.75,0.75,1,2,2,attempt_quiz (past),18.59740756220168
2,0.75,0.75,1,2,9,submit_quiz (current),27.219563828825837
2,0.75,0.75,1,2,13,attempt_quiz (future),17.56658519633854
2,0.75,0.75,1,2,14,post_forum (future),18.417116373999967
2,0.75,0.75,1,2,5,view_assignment (current),15.439125986920077
2,0.75,0.75,1,2,10,review_quiz (current),21.468391767173856
2,0.75,0.75,1,2,6,view_content (current),15.913946603226794
2,0.75,0.75,1,2,7,submit_assignment (current),21.765139097274457
2,0.75,0.75,1,2,11,post_forum (current),19.519167913008843
2,0.75,0.75,2,2,13,attempt_quiz (future),15.34993540491429
2,0.75,0.75,2,2,12,view_content (future),5.5740755809815585
2,0.75,0.75,2,2,5,view_assignment (current),3.2123713812872086
2,0.75,0.75,2,2,14,post_forum (future),3.7407933144898227
2,0.75,0.75,2,2,2,attempt_quiz (past),1.9110859254765264
2,0.75,0.75,2,2,0,view_assignment (past),0.9895452626999497
2,0.75,0.75,2,2,6,view_content (current),2.4590557399050197
2,0.75,0.75,2,2,8,attempt_quiz (current),5.420321532756115
2,0.75,0.75,2,2,11,post_forum (current),3.945057539430527
2,0.75,0.75,2,2,3,review_quiz (past),2.689428191445776
2,0.75,0.75,2,2,9,submit_quiz (current),5.119854241761211
2,0.75,0.75,2,2,1,view_content (past),4.4634881331340255
2,0.75,0.75,2,2,7,submit_assignment (current),5.19678530437935
2,0.75,0.75,2,2,4,post_forum (past),4.100821920519141
2,0.75,0.75,2,2,10,review_quiz (current),1.9659606262239282
2,0.25,1.0,0,1,13,attempt_quiz (future),0.2599941507517681
2,0.25,1.0,0,1,6,view_content (current),0.22469944432141797
2,0.25,1.0,0,1,10,review_quiz (current),0.856439559204949
2,0.25,1.0,0,1,3,review_quiz (past),0.5805730310524011
2,0.5,0.75,0,2,10,review_quiz (current),28.76806522364819
2,0.5,0.75,0,2,0,view_assignment (past),25.2662654202067
2,0.5,0.75,0,2,13,attempt_quiz (future),24.780654811149763
2,0.5,0.75,0,2,12,view_content (future),26.513735240536803
2,0.5,0.75,0,2,7,submit_assignment (current),37.51997220840006
2,0.5,0.75,0,2,1,view_content (past),25.830894796596585
2,0.5,0.75,0,2,6,view_content (current),27.20609229773324
2,0.5,0.75,0,2,9,submit_quiz (current),28.880441904067034
2,0.5,0.75,0,2,2,attempt_quiz (past),28.414115052492043
2,0.5,0.75,0,2,4,post_forum (past),29.251171686688085
2,0.5,0.75,0,2,5,view_assignment (current),25.857413072126445
2,0.5,0.75,0,2,8,attempt_quiz (current),24.546754191059044
2,0.5,0.75,0,2,11,post_forum (current),28.251693634456796
2,0.5,0.75,0,2,14,post_forum (future),28.012742418063972
2,0.5,0.75,0,2,3,review_quiz (past),26.833261671586254
2,0.75,1.0,0,2,13,attempt_quiz (future),15.070820997057908
2,0.75,1.0,0,2,14,post_forum (future),12.96971409453242
2,0.75,1.0,0,2,6,view_content (current),14.118665483321776
2,0.75,1.0,0,2,4,post_forum (past),10.338743630928517
2,0.75,1.0,0,2,0,view_assignment (past),15.263236553574664
2,0.75,1.0,0,2,3,review_quiz (past),14.62514613537955
2,0.75,1.0,0,2,5,view_assignment (current),11.437885797854886
2,0.75,1.0,0,2,12,view_content (future),10.559463579805216
2,0.75,1.0,0,2,8,attempt_quiz (current),11.504878910336501
2,0.75,1.0,0,2,10,review_quiz (current),9.096933270986648
2,0.75,1.0,0,2,7,submit_assignment (current),25.350168615100532
2,0.75,1.0,0,2,11,post_forum (current),8.587531615751534
2,0.75,1.0,0,2,2,attempt_quiz (past),9.03812066620781
2,0.75,1.0,0,2,1,view_content (past),11.661585803817712
2,0.75,1.0,0,2,9,submit_quiz (current),13.947980468009833
2,0.75,1.0,1,2,10,review_quiz (current),17.743163907456704
2,0.75,1.0,1,2,14,post_forum (future),16.01765198819374
2,0.75,1.0,1,2,11,post_forum (current),17.48015213011574
2,0.75,1.0,1,2,4,post_forum (past),13.79429799416052
2,0.75,1.0,1,2,9,submit_quiz (current),19.6008243882271
2,0.75,1.0,1,2,6,view_content (current),11.085510229667058
2,0.75,1.0,1,2,7,submit_assignment (current),27.31624053312798
2,0.75,1.0,1,2,8,attempt_quiz (current),19.884119533021682
2,0.75,1.0,1,2,5,view_assignment (current),10.996335315538051
2,0.75,1.0,1,2,1,view_content (past),14.404371450908968
2,0.75,1.0,1,2,2,attempt_quiz (past),14.488240806220212
2,0.75,1.0,1,2,0,view_assignment (past),10.398691163998546
2,0.75,1.0,1,2,12,view_content (future),15.540902383627666
2,0.75,1.0,1,2,13,attempt_quiz (future),11.857441259864736
2,0.75,1.0,1,2,3,review_quiz (past),15.07686908081792
4,0.25,1.0,0,1,12,view_content (future),0.4218467317605047
4,0.25,1.0,0,1,1,view_content (past),0.16082464584455547
4,0.25,1.0,0,1,13,attempt_quiz (future),0.6042555124443404
4,0.25,1.0,0,1,8,attempt_quiz (current),1.4985030494803246
4,0.25,1.0,0,1,4,post_forum (past),1.0515062569291784
4,0.25,1.0,0,1,7,submit_assignment (current),4.054952361287482
4,0.5,1.0,0,1,3,review_quiz (past),0.8004090018117934
4,0.5,1.0,0,1,10,review_quiz (current),1.3330270613633606
4,0.5,1.0,0,1,6,view_content (current),0.5405777078743885
4,0.5,1.0,0,1,8,attempt_quiz (current),0.40179710072649877
4,0.5,1.0,0,1,7,submit_assignment (current),0.7373468836486986
4,0.5,1.0,0,1,4,post_forum (past),0.2160383631573011
4,0.5,1.0,0,1,13,attempt_quiz (future),1.1667500794897834
4,0.5,1.0,0,1,0,view_assignment (past),0.3303531941644108
4,0.5,1.0,0,1,12,view_content (future),0.33189827129341415
4,0.75,1.0,0,1,9,submit_quiz (current),5.6126931774097315
4,0.75,1.0,0,1,14,post_forum (future),0.16
4,0.75,1.0,0,1,7,submit_assignment (current),0.5801109237814989
4,0.75,1.0,0,1,3,review_quiz (past),0.5865646814831396
4,0.75,1.0,0,1,12,view_content (future),0.22234078371015273
4,0.75,1.0,2,1,6,view_content (current),0.16
4,0.75,1.0,2,1,7,submit_assignment (current),1.3449262719434802
4,0.75,1.0,2,1,0,view_assignment (past),0.2829018092489765
4,0.75,1.0,2,1,2,attempt_quiz (past),1.99107516810553
4,1.0,1.0,2,1,1,view_content (past),0.16
4,1.0,1.0,2,1,8,attempt_quiz (current),0.701112804590802
4,0.25,1.0,0,2,1,view_content (past),55.57258411280491
4,0.25,1.0,0,2,10,review_quiz (current),58.593605211512276
4,0.25,1.0,0,2,12,view_content (future),56.243598596094635
4,0.25,1.0,0,2,11,post_forum (current),57.798708046580536
4,0.25,1.0,0,2,4,post_forum (past),58.24305212268235
4,0.25,1.0,0,2,9,submit_quiz (current),61.850020640752724
4,0.25,1.0,0,2,7,submit_assignment (current),64.64515835594538
4,0.25,1.0,0,2,14,post_forum (future),59.12078025061008
4,0.25,1.0,0,2,2,attempt_quiz (past),59.85878387322407
4,0.25,1.0,0,2,5,view_assignment (current),56.68761275173838
4,0.25,1.0,0,2,13,attempt_quiz (future),56.58442264611116
4,0.25,1.0,0,2,0,view_assignment (past),55.669429041981516
4,0.25,1.0,0,2,8,attempt_quiz (current),57.49962334631825
4,0.25,1.0,0,2,3,review_quiz (past),57.76271972980969
4,0.25,1.0,0,2,6,view_content (current),56.92911820003271
4,0.5,1.0,0,2,9,submit_quiz (current),55.708341566891576
4,0.5,1.0,0,2,13,attempt_quiz (future),51.32763451691685
4,0.5,1.0,0,2,6,view_content (current),50.91344804330869
4,0.5,1.0,0,2,5,view_assignment (current),49.58385271000422
4,0.5,1.0,0,2,1,view_content (past),49.56453675974433
4,0.5,1.0,0,2,8,attempt_quiz (current),51.078617596767586
4,0.5,1.0,0,2,12,view_content (future),50.64839097464255
4,0.5,1.0,0,2,14,post_forum (future),50.973664927519096
4,0.5,1.0,0,2,10,review_quiz (current),51.31108659304947
4,0.5,1.0,0,2,0,view_assignment (past),50.99672201583906
4,0.5,1.0,0,2,11,post_forum (current),51.68048293518545
4,0.5,1.0,0,2,4,post_forum (past),49.9740651492175
4,0.5,1.0,0,2,3,review_quiz (past),53.03269954777872
4,0.5,1.0,0,2,7,submit_assignment (current),53.093362030961316
4,0.5,1.0,0,2,2,attempt_quiz (past),50.261648609018906
4,0.75,1.0,0,2,7,submit_assignment (current),51.14852230316756
4,0.75,1.0,0,2,3,review_quiz (past),44.72990116534176
4,0.75,1.0,0,2,6,view_content (current),44.073365503237135
4,0.75,1.0,0,2,0,view_assignment (past),44.92785408157662
4,0.75,1.0,0,2,1,view_content (past),46.44767303105224
4,0.75,1.0,0,2,13,attempt_quiz (future),43.98787336605897
4,0.75,1.0,0,2,2,attempt_quiz (past),42.643139959520745
4,0.75,1.0,0,2,10,review_quiz (current),46.16049283440032
4,0.75,1.0,0,2,11,post_forum (current),43.72097607164123
4,0.75,1.0,0,2,12,view_content (future),45.76711966781671
4,0.75,1.0,0,2,5,view_assignment (current),44.351233526686016
4,0.75,1.0,0,2,14,post_forum (future),44.1533725623432
4,0.75,1.0,0,2,4,post_forum (past),44.246650951887425
4,0.75,1.0,0,2,8,attempt_quiz (current),43.87476273127392
4,0.75,1.0,0,2,9,submit_quiz (current),48.75838016991294
4,1.0,1.0,0,2,4,post_forum (past),36.35734574503324
4,1.0,1.0,0,2,10,review_quiz (current),36.955047051688894
4,1.0,1.0,0,2,3,review_quiz (past),36.70389049176161
4,1.0,1.0,0,2,8,attempt_quiz (current),38.9222245392224
4,1.0,1.0,0,2,5,view_assignment (current),36.763726926241496
4,1.0,1.0,0,2,13,attempt_quiz (future),37.14942961231935
4,1.0,1.0,0,2,12,view_content (future),35.38095160481989
4,1.0,1.0,0,2,9,submit_quiz (current),41.72055198315912
4,1.0,1.0,0,2,14,post_forum (future),32.65993583594248
4,1.0,1.0,0,2,1,view_content (past),38.551768951969606
4,1.0,1.0,0,2,0,view_assignment (past),36.72971568674173
4,1.0,1.0,0,2,11,post_forum (current),34.29590528694306
4,1.0,1.0,0,2,2,attempt_quiz (past),34.77212760793092
4,1.0,1.0,0,2,6,view_content (current),34.57506671800504
4,1.0,1.0,0,2,7,submit_assignment (current),46.68359576158812
4,0.75,1.0,2,2,6,view_content (current),33.0325689500176
4,0.75,1.0,2,2,13,attempt_quiz (future),36.72383535959757
4,0.75,1.0,2,2,11,post_forum (current),32.880270099700226
4,0.75,1.0,2,2,10,review_quiz (current),28.675781063225738
4,0.75,1.0,2,2,7,submit_assignment (current),50.49836907133514
4,0.75,1.0,2,2,8,attempt_quiz (current),37.98521463951735
4,0.75,1.0,2,2,2,attempt_quiz (past),38.96653995517588
4,0.75,1.0,2,2,0,view_assignment (past),33.26650146854137
4,0.75,1.0,2,2,4,post_forum (past),37.1112119941034
4,0.75,1.0,2,2,5,view_assignment (current),34.003735304048895
4,0.75,1.0,2,2,14,post_forum (future),31.583883601354486
4,0.75,1.0,2,2,3,review_quiz (past),36.146345520191524
4,0.75,1.0,2,2,12,view_content (future),35.696297661340544
4,0.75,1.0,2,2,9,submit_quiz (current),39.8854793192271
4,0.75,1.0,2,2,1,view_content (past),34.660330753513456
4,1.0,1.0,2,2,10,review_quiz (current),33.853849338982606
4,1.0,1.0,2,2,13,attempt_quiz (future),38.43578676638516
4,1.0,1.0,2,2,2,attempt_quiz (past),36.68313089023254
4,1.0,1.0,2,2,3,review_quiz (past),39.52321306644254
4,1.0,1.0,2,2,5,view_assignment (current),34.31826051016048
4,1.0,1.0,2,2,0,view_assignment (past),32.63484630951483
4,1.0,1.0,2,2,14,post_forum (future),35.0139564342198
4,1.0,1.0,2,2,9,submit_quiz (current),38.54573453047133
4,1.0,1.0,2,2,8,attempt_quiz (current),34.58946255315926
4,1.0,1.0,2,2,12,view_content (future),32.99691175923815
4,1.0,1.0,2,2,4,post_forum (past),36.40884154849566
4,1.0,1.0,2,2,11,post_forum (current),34.27698115064239
4,1.0,1.0,2,2,1,view_content (past),37.97497249139115
4,1.0,1.0,2,2,7,submit_assignment (current),45.65644213771114
4,1.0,1.0,2,2,6,view_content (current),33.18666380066293
4,0.25,1.0,1,2,11,post_forum (current),60.063211354483165
4,0.25,1.0,1,2,7,submit_assignment (current),62.662029685362576
4,0.25,1.0,1,2,2,attempt_quiz (past),62.1006971214128
4,0.25,1.0,1,2,8,attempt_quiz (current),60.30625808028776
4,0.25,1.0,1,2,12,view_content (future),58.92108048912282
4,0.25,1.0,1,2,0,view_assignment (past),59.676824741786184
4,0.25,1.0,1,2,5,view_assignment (current),57.949389421570785
4,0.25,1.0,1,2,14,post_forum (future),59.24659597086209
4,0.25,1.0,1,2,13,attempt_quiz (future),60.61276048497246
4,0.25,1.0,1,2,4,post_forum (past),61.627537115993874
4,0.25,1.0,1,2,10,review_quiz (current),60.09051507287969
4,0.25,1.0,1,2,1,view_content (past),59.05818507414594
4,0.25,1.0,1,2,6,view_content (current),60.57352654931534
4,0.25,1.0,1,2,9,submit_quiz (current),62.97267852201939
4,0.25,1.0,1,2,3,review_quiz (past),63.247547027522046
4,0.5,1.0,1,2,0,view_assignment (past),49.51991612092832
4,0.5,1.0,1,2,8,attempt_quiz (current),51.21473598979471
4,0.5,1.0,1,2,12,view_content (future),51.80625126630966
4,0.5,1.0,1,2,11,post_forum (current),51.88504576589118
4,0.5,1.0,1,2,4,post_forum (past),51.39554252249011
4,0.5,1.0,1,2,2,attempt_quiz (past),51.93778860418789
4,0.5,1.0,1,2,7,submit_assignment (current),57.778965724973254
4,0.5,1.0,1,2,3,review_quiz (past),50.482783342062426
4,0.5,1.0,1,2,1,view_content (past),51.9288453909126
4,0.5,1.0,1,2,5,view_assignment (current),51.522566203852726
4,0.5,1.0,1,2,9,submit_quiz (current),54.56332665879193
4,0.5,1.0,1,2,13,attempt_quiz (future),52.69002800319594
4,0.5,1.0,1,2,10,review_quiz (current),51.72402585549096
4,0.5,1.0,1,2,6,view_content (current),50.279897865463695
4,0.5,1.0,1,2,14,post_forum (future),50.74733010436001
4,0.75,1.0,1,2,8,attempt_quiz (current),45.62907305380026
4,0.75,1.0,1,2,11,post_forum (current),46.8673619947887
4,0.75,1.0,1,2,5,view_assignment (current),47.30822779387412
4,0.75,1.0,1,2,0,view_assignment (past),46.41066198122558
4,0.75,1.0,1,2,2,attempt_quiz (past),46.388613764082116
4,0.75,1.0,1,2,13,attempt_quiz (future),47.89597387695997
4,0.75,1.0,1,2,3,review_quiz (past),48.55248750563046
4,0.75,1.0,1,2,4,post_forum (past),47.113802696148774
4,0.75,1.0,1,2,12,view_content (future),46.97476775953471
4,0.75,1.0,1,2,14,post_forum (future),47.694770110137306
4,0.75,1.0,1,2,1,view_content (past),47.026337515800435
4,0.75,1.0,1,2,7,submit_assignment (current),53.02419841286011
4,0.75,1.0,1,2,10,review_quiz (current),47.190921213723875
4,0.75,1.0,1,2,9,submit_quiz (current),51.922280924924074
4,0.75,1.0,1,2,6,view_content (current),46.85438248869869
4,1.0,1.0,1,2,11,post_forum (current),43.04624189569639
4,1.0,1.0,1,2,13,attempt_quiz (future),41.753258048207826
4,1.0,1.0,1,2,5,view_assignment (current),40.14802285062829
4,1.0,1.0,1,2,2,attempt_quiz (past),40.944733597622346
4,1.0,1.0,1,2,12,view_content (future),41.20360214093024
4,1.0,1.0,1,2,7,submit_assignment (current),43.91340042875919
4,1.0,1.0,1,2,1,view_content (past),40.32376437085729
4,1.0,1.0,1,2,4,post_forum (past),41.40745736772249
4,1.0,1.0,1,2,9,submit_quiz (current),46.43136841415264
4,1.0,1.0,1,2,0,view_assignment (past),42.01954226999204
4,1.0,1.0,1,2,3,review_quiz (past),43.642136529455996
4,1.0,1.0,1,2,14,post_forum (future),42.80630325225639
4,1.0,1.0,1,2,6,view_content (current),40.90701418084962
4,1.0,1.0,1,2,8,attempt_quiz (current),41.91975838488295
4,1.0,1.0,1,2,10,review_quiz (current),44.09098393850556
2,0.75,0.75,0,2,0,view_assignment (past),11.888298239795914
2,0.75,0.75,0,2,6,view_content (current),15.212164044819822
2,0.75,0.75,0,2,13,attempt_quiz (future),18.245671506847884
2,0.75,0.75,0,2,12,view_content (future),10.369210918808447
2,0.75,0.75,0,2,7,submit_assignment (current),26.385182058651417
2,0.75,0.75,0,2,14,post_forum (future),11.58336389833455
2,0.75,0.75,0,2,11,post_forum (current),15.10241044382384
2,0.75,0.75,0,2,4,post_forum (past),13.308283037500225
2,0.75,0.75,0,2,10,review_quiz (current),12.973541117168608
2,0.75,0.75,0,2,3,review_quiz (past),11.303139893679802
2,0.75,0.75,0,2,8,attempt_quiz (current),17.07206128720233
2,0.75,0.75,0,2,5,view_assignment (current),16.263869476592372
2,0.75,0.75,0,2,1,view_content (past),15.42374658534752
2,0.75,0.75,0,2,9,submit_quiz (current),16.12845099326432
2,0.75,0.75,0,2,2,attempt_quiz (past),15.328937997884157
2,1.0,0.75,0,2,9,submit_quiz (current),3.6546211890098697
2,1.0,0.75,0,2,2,attempt_quiz (past),1.7995982903643424
2,1.0,0.75,0,2,12,view_content (future),2.9405678470122503
2,1.0,0.75,0,2,0,view_assignment (past),3.528483282763426
2,1.0,0.75,0,2,7,submit_assignment (current),14.226382507105566
2,1.0,0.75,0,2,4,post_forum (past),1.9254805124285317
2,1.0,0.75,0,2,3,review_quiz (past),3.020801891044583
2,1.0,0.75,0,2,14,post_forum (future),2.9474064974358463
2,1.0,0.75,0,2,5,view_assignment (current),0.3872163233941662
2,1.0,0.75,0,2,10,review_quiz (current),3.5552125195385353
2,1.0,0.75,0,2,13,attempt_quiz (future),4.726692021453412
2,1.0,0.75,0,2,1,view_content (past),4.14385736998149
2,1.0,0.75,0,2,6,view_content (current),3.8118512030871754
2,1.0,0.75,0,2,8,attempt_quiz (current),2.2152992867983197
2,1.0,0.75,0,2,11,post_forum (current),1.5556424110843357
2,0.25,0.75,0,1,4,post_forum (past),0.2986348337851881
2,0.25,0.75,0,1,0,view_assignment (past),1.1358742615976314
2,0.25,0.75,0,1,8,attempt_quiz (current),1.826863246109693
2,0.25,0.75,0,1,6,view_content (current),0.37355200838042085
2,0.25,0.75,0,1,3,review_quiz (past),0.07355200838042082
4,0.75,0.75,1,2,8,attempt_quiz (current),9.45286346282493
4,0.75,0.75,1,2,10,review_quiz (current),5.2944005684385225
4,0.75,0.75,1,2,12,view_content (future),2.152710469002522
4,0.75,0.75,1,2,13,attempt_quiz (future),5.440166304628189
4,0.75,0.75,1,2,4,post_forum (past),6.3287701194091985
4,0.75,0.75,1,2,2,attempt_quiz (past),4.550944198700693
4,0.75,0.75,1,2,0,view_assignment (past),8.817224643975255
4,0.75,0.75,1,2,1,view_content (past),2.5301462435076534
4,0.75,0.75,1,2,9,submit_quiz (current),33.429201651190816
4,0.75,0.75,1,2,11,post_forum (current),6.353100344179517
4,0.75,0.75,1,2,5,view_assignment (current),5.222696815780273
4,0.75,0.75,1,2,6,view_content (current),6.621828537113759
4,0.75,0.75,1,2,3,review_quiz (past),5.927619067601283
4,0.75,0.75,1,2,7,submit_assignment (current),6.045719419720248
4,0.75,0.75,1,2,14,post_forum (future),4.728807281523276
4,1.0,0.75,1,2,4,post_forum (past),3.3214493852134175
4,1.0,0.75,1,2,9,submit_quiz (current),9.863741825801426
4,1.0,0.75,1,2,10,review_quiz (current),3.6578447528829146
4,1.0,0.75,1,2,5,view_assignment (current),2.6424263055427737
4,1.0,0.75,1,2,6,view_content (current),4.7665483508618856
4,1.0,0.75,1,2,8,attempt_quiz (current),4.174398309498983
4,1.0,0.75,1,2,11,post_forum (current),6.5961608461693375
4,1.0,0.75,1,2,0,view_assignment (past),6.981530917743415
4,1.0,0.75,1,2,1,view_content (past),3.539870901383821
4,1.0,0.75,1,2,7,submit_assignment (current),32.904420122312025
4,1.0,0.75,1,2,2,attempt_quiz (past),8.852009174542523
4,1.0,0.75,1,2,14,post_forum (future),4.578122315303517
4,1.0,0.75,1,2,12,view_content (future),3.1159996539087627
4,1.0,0.75,1,2,13,attempt_quiz (future),14.486488758799172
4,1.0,0.75,1,2,3,review_quiz (past),6.608294328793892
4,0.25,0.75,0,2,2,attempt_quiz (past),44.93421230058348
4,0.25,0.75,0,2,12,view_content (future),6.320924856563633
4,0.25,0.75,0,2,3,review_quiz (past),6.555335996449612
4,0.25,0.75,0,2,14,post_forum (future),4.298641977828639
4,0.25,0.75,0,2,1,view_content (past),2.1861016963787834
4,0.25,0.75,0,2,9,submit_quiz (current),16.01718657370059
4,0.25,0.75,0,2,13,attempt_quiz (future),8.036842427788034
4,0.25,0.75,0,2,6,view_content (current),9.64604810601423
4,0.25,0.75,0,2,0,view_assignment (past),6.836888033186947
4,0.25,0.75,0,2,5,view_assignment (current),5.615111265758773
4,0.25,0.75,0,2,4,post_forum (past),3.070533423451197
4,0.25,0.75,0,2,10,review_quiz (current),3.030791230107774
4,0.25,0.75,0,2,8,attempt_quiz (current),0.976575340219759
4,0.25,0.75,0,2,7,submit_assignment (current),7.2416572816667015
4,0.25,0.75,0,2,11,post_forum (current),2.4975457614039573
4,0.5,0.75,1,2,13,attempt_quiz (future),7.965377470983453
4,0.5,0.75,1,2,4,post_forum (past),10.481294057319133
4,0.5,0.75,1,2,3,review_quiz (past),6.307882602915544
4,0.5,0.75,1,2,8,attempt_quiz (current),9.591378081488331
4,0.5,0.75,1,2,5,view_assignment (current),8.321181132700191
4,0.5,0.75,1,2,2,attempt_quiz (past),13.026416983102393
4,0.5,0.75,1,2,11,post_forum (current),5.734945058773787
4,0.5,0.75,1,2,9,submit_quiz (current),30.13560588822388
4,0.5,0.75,1,2,12,view_content (future),6.2961062396809115
4,0.5,0.75,1,2,7,submit_assignment (current),10.107545767997983
4,0.5,0.75,1,2,6,view_content (current),2.492319055892853
4,0.5,0.75,1,2,10,review_quiz (current),7.7705481015759865
4,0.5,0.75,1,2,1,view_content (past),1.6505810696983116
4,0.5,0.75,1,2,0,view_assignment (past),4.7674233112953885
4,0.5,0.75,1,2,14,post_forum (future),3.2101297663064923
2,0.25,0.5,1,2,12,view_content (future),0.6857450606110861
2,0.25,0.5,1,2,1,view_content (past),1.46644354142326
2,0.25,0.5,1,2,6,view_content (current),0.8000897908700216
2,0.25,0.5,1,2,0,view_assignment (past),2.4583593751530577
2,0.25,0.5,1,2,13,attempt_quiz (future),5.732469846090098
2,0.25,0.5,1,2,11,post_forum (current),2.3655660172600452
2,0.25,0.5,1,2,4,post_forum (past),3.62407354167705
2,0.25,0.5,1,2,5,view_assignment (current),0.9232374254233394
2,0.25,0.5,1,2,9,submit_quiz (current),13.42604740402861
2,0.25,0.5,1,2,7,submit_assignment (current),3.1335541574649324
2,0.25,0.5,1,2,2,attempt_quiz (past),1.3387179655367902
2,0.25,0.5,1,2,3,review_quiz (past),1.961169537773677
2,0.25,0.5,1,2,14,post_forum (future),0.7703615164203144
2,0.25,0.5,1,2,10,review_quiz (current),3.0058447073684453
2,0.25,0.5,1,2,8,attempt_quiz (current),7.142461293803763
4,0.5,0.75,0,2,13,attempt_quiz (future),7.217263292980945
4,0.5,0.75,0,2,9,submit_quiz (current),14.527626207548614
4,0.5,0.75,0,2,8,attempt_quiz (current),2.1253392601363013
4,0.5,0.75,0,2,11,post_forum (current),4.990681478285687
4,0.5,0.75,0,2,4,post_forum (past),5.035295099349263
4,0.5,0.75,0,2,5,view_assignment (current),4.85637028332868
4,0.5,0.75,0,2,0,view_assignment (past),4.815995503610575
4,0.5,0.75,0,2,6,view_content (current),6.469624364010146
4,0.5,0.75,0,2,1,view_content (past),0.53764046498159
4,0.5,0.75,0,2,10,review_quiz (current),2.9165620948060034
4,0.5,0.75,0,2,14,post_forum (future),7.640287062468673
4,0.5,0.75,0,2,7,submit_assignment (current),32.38954157643964
4,0.5,0.75,0,2,3,review_quiz (past),2.1560442146003123
4,0.5,0.75,0,2,2,attempt_quiz (past),5.834875446880497
4,0.75,0.75,2,2,6,view_content (current),1.6251503651739876
4,0.75,0.75,2,2,7,submit_assignment (current),15.284378765517436
4,0.75,0.75,2,2,9,submit_quiz (current),5.433810593606406
4,0.75,0.75,2,2,4,post_forum (past),1.206339797568372
4,0.75,0.75,2,2,3,review_quiz (past),1.1857387825656143
4,0.75,0.75,2,2,8,attempt_quiz (current),1.5273178725056322
4,0.75,0.75,2,2,11,post_forum (current),0.9059021928499046
4,0.75,0.75,2,2,12,view_content (future),1.2854410490886496
4,0.75,0.75,2,2,0,view_assignment (past),0.5585048267119559
4,0.75,0.75,2,2,2,attempt_quiz (past),6.447052733961784
4,0.75,0.75,2,2,10,review_quiz (current),1.5274760883756229
4,0.75,0.75,2,2,13,attempt_quiz (future),4.97306010633574
4,0.75,0.75,2,2,1,view_content (past),1.2078495316501263
4,0.75,0.75,2,2,14,post_forum (future),1.4183048344651217
4,1.0,0.75,2,2,0,view_assignment (past),0.44392965804455337
4,1.0,0.75,2,2,2,attempt_quiz (past),2.6779276730740156
4,1.0,0.75,2,2,13,attempt_quiz (future),16.03032676927792
4,1.0,0.75,2,2,8,attempt_quiz (current),1.4589402529621154
4,1.0,0.75,2,2,4,post_forum (past),3.3161520561119415
4,1.0,0.75,2,2,6,view_content (current),2.0049603402876905
4,1.0,0.75,2,2,10,review_quiz (current),3.9449242238083184
4,1.0,0.75,2,2,5,view_assignment (current),0.7778788316034377
4,1.0,0.75,2,2,14,post_forum (future),1.7205066080900244
4,1.0,0.75,2,2,12,view_content (future),3.3214401265086333
4,1.0,0.75,2,2,7,submit_assignment (current),7.608990793235987
4,1.0,0.75,2,2,9,submit_quiz (current),9.54858180712559
4,1.0,0.75,2,2,1,view_content (past),3.2632725569463266
4,1.0,1.0,0,1,12,view_content (future),0.04
4,1.0,1.0,0,1,0,view_assignment (past),0.1634048
4,1.0,1.0,0,1,2,attempt_quiz (past),2.369880576072354
4,1.0,1.0,0,1,1,view_content (past),0.19725659649775182
4,1.0,1.0,0,1,14,post_forum (future),0.2201109237814989
4,1.0,1.0,0,1,4,post_forum (past),2.3992208382914835
4,1.0,1.0,0,1,10,review_quiz (current),2.7000510647825298
4,0.25,0.75,1,2,11,post_forum (current),12.179498258336173
4,0.25,0.75,1,2,3,review_quiz (past),3.168191574640459
4,0.25,0.75,1,2,7,submit_assignment (current),16.94815973380377
4,0.25,0.75,1,2,8,attempt_quiz (current),17.03397294435913
4,0.25,0.75,1,2,5,view_assignment (current),10.953319964761118
4,0.25,0.75,1,2,9,submit_quiz (current),48.52561417635301
4,0.25,0.75,1,2,4,post_forum (past),8.922975404894741
4,0.25,0.75,1,2,2,attempt_quiz (past),7.73258369298798
4,0.25,0.75,1,2,14,post_forum (future),5.8830364638427355
4,0.25,0.75,1,2,0,view_assignment (past),7.326643069031281
4,0.25,0.75,1,2,13,attempt_quiz (future),21.094863904666656
4,0.25,0.75,1,2,12,view_content (future),13.29055584440137
4,0.25,0.75,1,2,1,view_content (past),7.029767040523272
4,0.25,0.75,1,2,6,view_content (current),5.065772490290512
4,0.25,0.75,1,2,10,review_quiz (current),7.03749999880071
2,0.75,1.0,2,2,12,view_content (future),4.781722481021047
2,0.75,1.0,2,2,8,attempt_quiz (current),3.4811070810270635
2,0.75,1.0,2,2,5,view_assignment (current),3.407491066697288
2,0.75,1.0,2,2,11,post_forum (current),3.177726356674288
2,0.75,1.0,2,2,14,post_forum (future),2.276697209375471
2,0.75,1.0,2,2,2,attempt_quiz (past),2.256151765139565
2,0.75,1.0,2,2,13,attempt_quiz (future),5.411229552998907
2,0.75,1.0,2,2,0,view_assignment (past),2.299484152900682
2,0.75,1.0,2,2,10,review_quiz (current),0.514281063655532
2,0.75,1.0,2,2,9,submit_quiz (current),13.544067027514439
2,0.75,1.0,2,2,7,submit_assignment (current),2.883531015422217
2,0.75,1.0,2,2,6,view_content (current),2.1427924483013223
2,0.75,1.0,2,2,4,post_forum (past),3.471696113338923
2,0.75,1.0,2,2,1,view_content (past),0.7792257641581963
2,0.75,1.0,2,2,3,review_quiz (past),4.411477184955386
2,0.75,1.0,0,1,8,attempt_quiz (current),0.06796365557732692
0,0.25,0.5,0,2,8,attempt_quiz (current),0.0518140459574645
0,0.25,0.5,0,2,5,view_assignment (current),0.15738350154893868
4,0.75,0.75,0,2,6,view_content (current),5.407883019342709
4,0.75,0.75,0,2,11,post_forum (current),3.6715834303012205
4,0.75,0.75,0,2,9,submit_quiz (current),3.1748986844371516
4,0.75,0.75,0,2,3,review_quiz (past),4.028697209180529
4,0.75,0.75,0,2,8,attempt_quiz (current),7.284454508001545
4,0.75,0.75,0,2,5,view_assignment (current),1.2683349732292568
4,0.75,0.75,0,2,14,post_forum (future),0.5997295649186989
4,0.75,0.75,0,2,1,view_content (past),2.369995374864275
4,0.75,0.75,0,2,2,attempt_quiz (past),5.721127432614429
4,0.75,0.75,0,2,4,post_forum (past),3.0606367188705335
4,0.75,0.75,0,2,7,submit_assignment (current),23.172226918986787
4,0.75,0.75,0,2,13,attempt_quiz (future),8.61769899013025
4,0.75,0.75,0,2,10,review_quiz (current),2.72753417932664
4,0.75,0.75,0,2,12,view_content (future),4.342618183728998
4,0.75,0.75,0,2,0,view_assignment (past),3.346787870148901
2,0.5,0.5,1,2,9,submit_quiz (current),13.669034569758269
2,0.5,0.5,1,2,13,attempt_quiz (future),2.7284311392739626
2,0.5,0.5,1,2,2,attempt_quiz (past),3.698478207580707
2,0.5,0.5,1,2,12,view_content (future),0.27551319538392155
2,0.5,0.5,1,2,6,view_content (current),0.826534476203187
2,0.5,0.5,1,2,8,attempt_quiz (current),2.984301555334109
2,0.5,0.5,1,2,1,view_content (past),0.27551319538392155
2,1.0,0.75,1,2,14,post_forum (future),3.1581706693151954
2,1.0,0.75,1,2,1,view_content (past),6.057802463631977
2,1.0,0.75,1,2,10,review_quiz (current),6.001142967864244
2,1.0,0.75,1,2,8,attempt_quiz (current),8.054313248601733
2,1.0,0.75,1,2,5,view_assignment (current),5.220939667173006
2,1.0,0.75,1,2,12,view_content (future),4.459846495233059
2,1.0,0.75,1,2,4,post_forum (past),6.595031057271508
2,1.0,0.75,1,2,7,submit_assignment (current),9.866832165594877
2,1.0,0.75,1,2,2,attempt_quiz (past),4.280721219440343
2,1.0,0.75,1,2,11,post_forum (current),4.1902387518974376
2,1.0,0.75,1,2,9,submit_quiz (current),16.625233108706357
2,1.0,0.75,1,2,13,attempt_quiz (future),6.601154173127243
2,1.0,0.75,1,2,3,review_quiz (past),6.7546719695051305
2,1.0,0.75,1,2,6,view_content (current),5.767232643387747
2,1.0,0.75,1,2,0,view_assignment (past),7.147296554822576
2,1.0,0.75,2,2,5,view_assignment (current),1.5382300146961043
2,1.0,0.75,2,2,8,attempt_quiz (current),1.0558011478409988
2,1.0,0.75,2,2,10,review_quiz (current),6.246541790313938
2,1.0,0.75,2,2,13,attempt_quiz (future),0.41232873613488374
2,1.0,0.75,2,2,3,review_quiz (past),1.6169497408840914
2,1.0,0.75,2,2,12,view_content (future),1.5669862780788697
2,1.0,0.75,2,2,4,post_forum (past),1.167107261523258
2,1.0,0.75,2,2,6,view_content (current),1.382017776681384
2,1.0,0.75,2,2,11,post_forum (current),0.9906700493783733
2,1.0,0.75,2,2,2,attempt_quiz (past),0.5230463196151687
2,1.0,1.0,0,2,3,review_quiz (past),7.752286746799414
2,1.0,1.0,0,2,2,attempt_quiz (past),3.594511691469268
2,1.0,1.0,0,2,9,submit_quiz (current),2.035542186609499
2,1.0,1.0,0,2,14,post_forum (future),0.7154089135733557
2,1.0,1.0,0,2,10,review_quiz (current),3.3904504413261565
2,1.0,1.0,0,2,5,view_assignment (current),1.832343824086689
2,1.0,1.0,0,2,13,attempt_quiz (future),2.520685133981669
2,1.0,1.0,0,2,6,view_content (current),1.7978607597047145
2,1.0,1.0,0,2,7,submit_assignment (current),2.046392921951867
2,1.0,1.0,0,2,4,post_forum (past),2.894013891374213
2,1.0,1.0,0,2,8,attempt_quiz (current),5.037047779916233
2,1.0,1.0,0,2,11,post_forum (current),2.153346370420569
2,1.0,1.0,0,2,0,view_assignment (past),0.8108363741512645
2,1.0,1.0,0,2,12,view_content (future),2.4786560937838615
2,1.0,1.0,0,2,1,view_content (past),1.434114835269987
2,1.0,1.0,2,2,7,submit_assignment (current),14.788741394380924
2,1.0,1.0,2,2,14,post_forum (future),1.9881145754473812
2,1.0,1.0,2,2,3,review_quiz (past),1.7072015114778836
2,1.0,1.0,2,2,1,view_content (past),1.9738269652856024
2,1.0,1.0,2,2,13,attempt_quiz (future),1.2161497102482706
2,1.0,1.0,2,2,10,review_quiz (current),3.4956304964902607
2,1.0,1.0,2,2,6,view_content (current),3.5464998776626153
2,1.0,1.0,2,2,4,post_forum (past),1.7555073350347585
2,1.0,1.0,2,2,11,post_forum (current),2.1047347098631173
2,1.0,1.0,2,2,9,submit_quiz (current),2.5491367781612366
2,1.0,1.0,2,2,2,attempt_quiz (past),3.413983176216575
2,1.0,1.0,2,2,5,view_assignment (current),1.5443710040124587
2,1.0,1.0,2,2,8,attempt_quiz (current),2.2005664888902166
2,1.0,1.0,2,2,12,view_content (future),2.6273109203958622
2,1.0,1.0,2,2,0,view_assignment (past),0.6372388475075387
2,1.0,1.0,1,2,2,attempt_quiz (past),6.7317759162729525
2,1.0,1.0,1,2,14,post_forum (future),8.996448677272213
2,1.0,1.0,1,2,0,view_assignment (past),5.197307541022007
2,1.0,1.0,1,2,7,submit_assignment (current),6.58119659964319
2,1.0,1.0,1,2,9,submit_quiz (current),19.09410766076982
2,1.0,1.0,1,2,3,review_quiz (past),8.815134579066294
2,1.0,1.0,1,2,10,review_quiz (current),8.175725279010074
2,1.0,1.0,1,2,4,post_forum (past),6.454607736465846
2,1.0,1.0,1,2,1,view_content (past),6.878025116121926
2,1.0,1.0,1,2,13,attempt_quiz (future),6.446871581351683
2,1.0,1.0,1,2,8,attempt_quiz (current),5.531271949995856
2,1.0,1.0,1,2,6,view_content (current),4.873201649997252
2,1.0,1.0,1,2,5,view_assignment (current),6.529503999224313
2,1.0,1.0,1,2,11,post_forum (current),5.6992246287834565
2,1.0,1.0,1,2,12,view_content (future),7.0295049144026756
2,0.25,0.5,0,2,9,submit_quiz (current),24.773219672708912
2,0.25,0.5,0,2,3,review_quiz (past),3.2180836928417795
2,0.25,0.5,0,2,7,submit_assignment (current),8.491510949237641
2,0.25,0.5,0,2,10,review_quiz (current),1.3318788879481378
2,0.25,0.5,0,2,1,view_content (past),0.3683351434065245
2,0.25,0.5,0,2,14,post_forum (future),0.3061664326453164
2,0.25,0.5,0,2,6,view_content (current),0.4566689326453167
2,0.25,0.5,0,2,0,view_assignment (past),0.5866206749191613
2,0.25,0.5,0,2,2,attempt_quiz (past),3.5228943782945943
2,0.25,0.5,0,2,4,post_forum (past),1.7934454585704327
2,0.25,0.5,0,2,8,attempt_quiz (current),3.9646671563341305
2,0.25,0.5,0,2,11,post_forum (current),0.6492043812054625
2,0.5,0.75,0,1,13,attempt_quiz (future),0.40166504760449934
0,0.25,0.75,1,2,12,view_content (future),2.0197800349747705
0,0.25,0.75,1,2,7,submit_assignment (current),12.017349365008592
0,0.25,0.75,1,2,8,attempt_quiz (current),2.983814978737967
0,0.25,0.75,1,2,1,view_content (past),0.781511886356764
0,0.25,0.75,1,2,5,view_assignment (current),0.17202196149088947
0,0.25,0.75,1,2,4,post_forum (past),3.822799724381065
0,0.25,0.75,1,2,0,view_assignment (past),2.303969057589736
0,0.25,0.75,1,2,10,review_quiz (current),0.3330455185847709
0,0.25,0.75,1,2,2,attempt_quiz (past),2.9115561964943892
0,0.25,0.75,1,2,14,post_forum (future),2.176119188879136
0,0.25,0.75,1,2,6,view_content (current),0.368996358076955
0,0.25,0.75,1,2,13,attempt_quiz (future),3.7747929265569464
2,0.5,0.5,0,2,7,submit_assignment (current),1.7894049230472828
2,0.5,0.5,0,2,4,post_forum (past),0.3683351434065245
2,0.5,0.5,0,2,0,view_assignment (past),0.25
2,0.5,0.5,0,2,13,attempt_quiz (future),7.2844524539584015
2,0.5,0.5,0,2,3,review_quiz (past),0.6514780627639922
2,0.5,0.5,0,2,10,review_quiz (current),0.6514640002639922
4,1.0,0.75,0,2,13,attempt_quiz (future),0.3823809610819345
4,1.0,0.75,0,2,3,review_quiz (past),2.895343821775103
4,1.0,0.75,0,2,0,view_assignment (past),1.0274136046622082
4,1.0,0.75,0,2,14,post_forum (future),0.4106568194170191
4,1.0,0.75,0,2,1,view_content (past),0.2084801887227205
4,1.0,0.75,0,2,9,submit_quiz (current),19.97949087514874
4,1.0,0.75,0,2,8,attempt_quiz (current),2.635350311774743
4,1.0,0.75,0,2,12,view_content (future),1.636634324235585
4,1.0,0.75,0,2,11,post_forum (current),2.6701938318392857
4,1.0,0.75,0,2,5,view_assignment (current),0.8315380510655836
4,1.0,0.75,0,2,7,submit_assignment (current),6.407188537970605
4,1.0,0.75,0,2,4,post_forum (past),2.5132910031270566
4,0.25,1.0,1,1,14,post_forum (future),3.6634438204441353
0,0.25,0.75,0,2,12,view_content (future),0.6065693812797132
0,0.25,0.75,0,2,14,post_forum (future),0.294928592619
0,0.25,0.75,0,2,7,submit_assignment (current),2.5175649266361426
0,0.25,0.75,0,2,3,review_quiz (past),0.44541725058800075
0,0.25,0.75,0,2,9,submit_quiz (current),1.5822387474209918
4,0.25,0.75,1,1,4,post_forum (past),1.1799000391848136
0,0.25,0.5,1,2,2,attempt_quiz (past),1.528345793939831
0,0.25,0.5,1,2,10,review_quiz (current),0.530751106473483
0,0.25,0.5,1,2,7,submit_assignment (current),3.0735368738901863
2,0.75,0.5,1,2,8,attempt_quiz (current),0.19536790957579026
2,0.75,0.5,1,2,5,view_assignment (current),0.34170395626873007
2,0.75,0.5,1,2,12,view_content (future),0.25230163900428293
0,0.5,0.75,1,2,0,view_assignment (past),0.075
0,0.25,1.0,1,2,13,attempt_quiz (future),1.4901018212858852
