userid,itemid,finalgrade,t_start,t_grade,strong_event,log_count,file
8860,19,5,1674501790,1674565040,\mod_assign\event\assessable_submitted,9,../data/data_670/data_output/raw_logs_by_user_grade/user_8860_item_19_grade_1674565040.csv
9227,20,9,1674431075,1674566051,\mod_assign\event\assessable_submitted,25,../data/data_670/data_output/raw_logs_by_user_grade/user_9227_item_20_grade_1674566051.csv
9227,21,8,1674431075,1674566021,\mod_assign\event\assessable_submitted,25,../data/data_670/data_output/raw_logs_by_user_grade/user_9227_item_21_grade_1674566021.csv
9227,22,9,1674431075,1674566333,\mod_assign\event\assessable_submitted,25,../data/data_670/data_output/raw_logs_by_user_grade/user_9227_item_22_grade_1674566333.csv
9183,23,8,1674228665,1674566261,\mod_data\event\record_created,75,../data/data_670/data_output/raw_logs_by_user_grade/user_9183_item_23_grade_1674566261.csv
9183,24,7,1674228665,1674566196,\mod_data\event\record_created,75,../data/data_670/data_output/raw_logs_by_user_grade/user_9183_item_24_grade_1674566196.csv
9183,25,8,1674228665,1674566134,\mod_data\event\record_created,75,../data/data_670/data_output/raw_logs_by_user_grade/user_9183_item_25_grade_1674566134.csv
8860,26,1,1671289260,1674217553,\mod_assign\event\assessable_submitted,10,../data/data_670/data_output/raw_logs_by_user_grade/user_8860_item_26_grade_1674217553.csv
8860,27,1,1671289260,1674217553,\mod_assign\event\assessable_submitted,10,../data/data_670/data_output/raw_logs_by_user_grade/user_8860_item_27_grade_1674217553.csv
8860,28,0,1671289260,1674217553,\mod_assign\event\assessable_submitted,10,../data/data_670/data_output/raw_logs_by_user_grade/user_8860_item_28_grade_1674217553.csv
8860,29,1,1671289260,1674217370,\mod_assign\event\assessable_submitted,10,../data/data_670/data_output/raw_logs_by_user_grade/user_8860_item_29_grade_1674217370.csv
8860,30,9,1671289260,1674217370,\mod_assign\event\assessable_submitted,10,../data/data_670/data_output/raw_logs_by_user_grade/user_8860_item_30_grade_1674217370.csv
9146,31,7,1674157416,1674566373,\mod_assign\event\assessable_submitted,27,../data/data_670/data_output/raw_logs_by_user_grade/user_9146_item_31_grade_1674566373.csv
9131,32,4,1674109066,1674134292,\mod_assign\event\assessable_submitted,6,../data/data_670/data_output/raw_logs_by_user_grade/user_9131_item_32_grade_1674134292.csv
9146,33,7,1674101545,1674133777,\mod_assign\event\assessable_submitted,22,../data/data_670/data_output/raw_logs_by_user_grade/user_9146_item_33_grade_1674133777.csv
9146,34,6,1674101545,1674134147,\mod_assign\event\assessable_submitted,22,../data/data_670/data_output/raw_logs_by_user_grade/user_9146_item_34_grade_1674134147.csv
9131,35,8,1674109066,1674134842,\mod_assign\event\assessable_submitted,6,../data/data_670/data_output/raw_logs_by_user_grade/user_9131_item_35_grade_1674134842.csv
9146,36,5,1674101545,1674134027,\mod_assign\event\assessable_submitted,22,../data/data_670/data_output/raw_logs_by_user_grade/user_9146_item_36_grade_1674134027.csv
9146,37,8,1674101545,1674134366,\mod_assign\event\assessable_submitted,22,../data/data_670/data_output/raw_logs_by_user_grade/user_9146_item_37_grade_1674134366.csv
9452,38,6,1673971423,1674134027,\mod_assign\event\assessable_submitted,6,../data/data_670/data_output/raw_logs_by_user_grade/user_9452_item_38_grade_1674134027.csv
9452,39,8,1673971423,1674134780,\mod_assign\event\assessable_submitted,6,../data/data_670/data_output/raw_logs_by_user_grade/user_9452_item_39_grade_1674134780.csv
9452,40,1,1673971423,1674134726,\mod_assign\event\assessable_submitted,6,../data/data_670/data_output/raw_logs_by_user_grade/user_9452_item_40_grade_1674134726.csv
9452,41,7,1673971423,1674134640,\mod_assign\event\assessable_submitted,6,../data/data_670/data_output/raw_logs_by_user_grade/user_9452_item_41_grade_1674134640.csv
9155,42,3,1673949557,1673990152,\mod_quiz\event\attempt_submitted,7,../data/data_670/data_output/raw_logs_by_user_grade/user_9155_item_42_grade_1673990152.csv
8670,43,7,1673948736,1673989139,\mod_quiz\event\attempt_submitted,6,../data/data_670/data_output/raw_logs_by_user_grade/user_8670_item_43_grade_1673989139.csv
9131,44,8,1673947889,1673987180,\mod_quiz\event\attempt_submitted,12,../data/data_670/data_output/raw_logs_by_user_grade/user_9131_item_44_grade_1673987180.csv
9152,45,8,1673946762,1673987933,\mod_quiz\event\attempt_submitted,5,../data/data_670/data_output/raw_logs_by_user_grade/user_9152_item_45_grade_1673987933.csv
9169,46,7,1673946749,1673988575,\mod_quiz\event\attempt_submitted,7,../data/data_670/data_output/raw_logs_by_user_grade/user_9169_item_46_grade_1673988575.csv
9220,47,6,1673946676,1673986140,\mod_quiz\event\attempt_submitted,37,../data/data_670/data_output/raw_logs_by_user_grade/user_9220_item_47_grade_1673986140.csv
9109,48,6,1673946498,1673985541,\mod_quiz\event\attempt_submitted,22,../data/data_670/data_output/raw_logs_by_user_grade/user_9109_item_48_grade_1673985541.csv
9151,49,8,1673946142,1673986492,\mod_quiz\event\attempt_submitted,9,../data/data_670/data_output/raw_logs_by_user_grade/user_9151_item_49_grade_1673986492.csv
9227,50,7,1673946059,1673984650,\mod_quiz\event\attempt_submitted,17,../data/data_670/data_output/raw_logs_by_user_grade/user_9227_item_50_grade_1673984650.csv
9146,51,7,1673945849,1673984964,\mod_quiz\event\attempt_submitted,20,../data/data_670/data_output/raw_logs_by_user_grade/user_9146_item_51_grade_1673984964.csv
9043,52,6,1673944780,1673984235,\mod_quiz\event\attempt_submitted,17,../data/data_670/data_output/raw_logs_by_user_grade/user_9043_item_52_grade_1673984235.csv
9183,53,4,1673944557,1673982570,\mod_quiz\event\attempt_submitted,7,../data/data_670/data_output/raw_logs_by_user_grade/user_9183_item_53_grade_1673982570.csv
8609,54,8,1673943904,1673982216,\mod_quiz\event\attempt_submitted,11,../data/data_670/data_output/raw_logs_by_user_grade/user_8609_item_54_grade_1673982216.csv
9260,55,5,1673943574,1673983794,\mod_quiz\event\attempt_submitted,17,../data/data_670/data_output/raw_logs_by_user_grade/user_9260_item_55_grade_1673983794.csv
9131,56,9,1673933003,1673939273,\assignsubmission_onlinetext\event\assessable_uploaded,35,../data/data_670/data_output/raw_logs_by_user_grade/user_9131_item_56_grade_1673939273.csv
9131,57,9,1673933003,1673939209,\assignsubmission_onlinetext\event\assessable_uploaded,34,../data/data_670/data_output/raw_logs_by_user_grade/user_9131_item_57_grade_1673939209.csv
9043,58,9,1673938942,1673939560,\mod_quiz\event\attempt_started,2,../data/data_670/data_output/raw_logs_by_user_grade/user_9043_item_58_grade_1673939560.csv
8609,59,9,1673938822,1673939560,\mod_quiz\event\attempt_started,4,../data/data_670/data_output/raw_logs_by_user_grade/user_8609_item_59_grade_1673939560.csv
9146,60,6,1673819314,1673870751,\mod_assign\event\assessable_submitted,34,../data/data_670/data_output/raw_logs_by_user_grade/user_9146_item_60_grade_1673870751.csv
9146,61,9,1673819314,1673870698,\mod_assign\event\assessable_submitted,34,../data/data_670/data_output/raw_logs_by_user_grade/user_9146_item_61_grade_1673870698.csv
9146,62,6,1673819314,1673870631,\mod_assign\event\assessable_submitted,34,../data/data_670/data_output/raw_logs_by_user_grade/user_9146_item_62_grade_1673870631.csv
9043,63,9,1673809702,1673870541,\mod_assign\event\assessable_submitted,16,../data/data_670/data_output/raw_logs_by_user_grade/user_9043_item_63_grade_1673870541.csv
9146,64,9,1673819314,1673870141,\mod_assign\event\assessable_submitted,34,../data/data_670/data_output/raw_logs_by_user_grade/user_9146_item_64_grade_1673870141.csv
9043,65,5,1673809702,1673869944,\mod_assign\event\assessable_submitted,16,../data/data_670/data_output/raw_logs_by_user_grade/user_9043_item_65_grade_1673869944.csv
8965,66,9,1673652060,1673870698,\mod_assign\event\assessable_submitted,6,../data/data_670/data_output/raw_logs_by_user_grade/user_8965_item_66_grade_1673870698.csv
8965,67,9,1673652060,1673871207,\mod_assign\event\assessable_submitted,6,../data/data_670/data_output/raw_logs_by_user_grade/user_8965_item_67_grade_1673871207.csv
8965,68,7,1673652060,1673871106,\mod_assign\event\assessable_submitted,6,../data/data_670/data_output/raw_logs_by_user_grade/user_8965_item_68_grade_1673871106.csv
8965,69,4,1673652060,1673870942,\mod_assign\event\assessable_submitted,6,../data/data_670/data_output/raw_logs_by_user_grade/user_8965_item_69_grade_1673870942.csv
9260,70,7,1673608734,1673639874,\mod_assign\event\assessable_submitted,11,../data/data_670/data_output/raw_logs_by_user_grade/user_9260_item_70_grade_1673639874.csv
9260,71,9,1673943574,1674133721,\mod_quiz\event\attempt_submitted,27,../data/data_670/data_output/raw_logs_by_user_grade/user_9260_item_71_grade_1674133721.csv
9109,72,9,1673470572,1673640822,\mod_assign\event\assessable_submitted,33,../data/data_670/data_output/raw_logs_by_user_grade/user_9109_item_72_grade_1673640822.csv
9152,73,9,1673458912,1673640822,\mod_assign\event\assessable_submitted,9,../data/data_670/data_output/raw_logs_by_user_grade/user_9152_item_73_grade_1673640822.csv
9169,74,9,1673448223,1673640822,\mod_assign\event\assessable_submitted,6,../data/data_670/data_output/raw_logs_by_user_grade/user_9169_item_74_grade_1673640822.csv
8609,75,8,1673361155,1673639874,\mod_assign\event\assessable_submitted,16,../data/data_670/data_output/raw_logs_by_user_grade/user_8609_item_75_grade_1673639874.csv
9220,76,1,1673290611,1673640716,\mod_assign\event\assessable_submitted,30,../data/data_670/data_output/raw_logs_by_user_grade/user_9220_item_76_grade_1673640716.csv
9260,77,9,1673608734,1673640716,\mod_assign\event\assessable_submitted,11,../data/data_670/data_output/raw_logs_by_user_grade/user_9260_item_77_grade_1673640716.csv
9260,78,7,1673268808,1673269996,\mod_assign\event\assessable_submitted,15,../data/data_670/data_output/raw_logs_by_user_grade/user_9260_item_78_grade_1673269996.csv
8965,79,3,1673266337,1673286665,\assignsubmission_onlinetext\event\assessable_uploaded,6,../data/data_670/data_output/raw_logs_by_user_grade/user_8965_item_79_grade_1673286665.csv
8964,80,5,1673265898,1673285982,\mod_assign\event\assessable_submitted,9,../data/data_670/data_output/raw_logs_by_user_grade/user_8964_item_80_grade_1673285982.csv
9452,81,6,1673265716,1673287241,\assignsubmission_onlinetext\event\assessable_uploaded,9,../data/data_670/data_output/raw_logs_by_user_grade/user_9452_item_81_grade_1673287241.csv
8964,82,1,1673265898,1673639546,\mod_assign\event\assessable_submitted,43,../data/data_670/data_output/raw_logs_by_user_grade/user_8964_item_82_grade_1673639546.csv
8964,83,9,1673265898,1673640024,\mod_assign\event\assessable_submitted,43,../data/data_670/data_output/raw_logs_by_user_grade/user_8964_item_83_grade_1673640024.csv
8964,84,1,1673265898,1673640716,\mod_assign\event\assessable_submitted,43,../data/data_670/data_output/raw_logs_by_user_grade/user_8964_item_84_grade_1673640716.csv
9152,85,7,1673458912,1673639874,\mod_assign\event\assessable_submitted,9,../data/data_670/data_output/raw_logs_by_user_grade/user_9152_item_85_grade_1673639874.csv
9169,86,9,1673448223,1673639874,\mod_assign\event\assessable_submitted,6,../data/data_670/data_output/raw_logs_by_user_grade/user_9169_item_86_grade_1673639874.csv
8964,87,8,1673265898,1673640168,\mod_assign\event\assessable_submitted,43,../data/data_670/data_output/raw_logs_by_user_grade/user_8964_item_87_grade_1673640168.csv
8964,88,9,1673265898,1673270476,\mod_assign\event\assessable_submitted,6,../data/data_670/data_output/raw_logs_by_user_grade/user_8964_item_88_grade_1673270476.csv
8964,89,4,1673265898,1673270372,\mod_assign\event\assessable_submitted,6,../data/data_670/data_output/raw_logs_by_user_grade/user_8964_item_89_grade_1673270372.csv
8964,90,6,1673265898,1673270242,\mod_assign\event\assessable_submitted,6,../data/data_670/data_output/raw_logs_by_user_grade/user_8964_item_90_grade_1673270242.csv
8670,91,9,1673123214,1673269996,\mod_assign\event\assessable_submitted,34,../data/data_670/data_output/raw_logs_by_user_grade/user_8670_item_91_grade_1673269996.csv
9220,92,9,1673290611,1673640292,\mod_assign\event\assessable_submitted,30,../data/data_670/data_output/raw_logs_by_user_grade/user_9220_item_92_grade_1673640292.csv
8609,93,9,1673114906,1673270602,\mod_assign\event\assessable_submitted,12,../data/data_670/data_output/raw_logs_by_user_grade/user_8609_item_93_grade_1673270602.csv
9151,94,9,1673110615,1673269996,\mod_assign\event\assessable_submitted,10,../data/data_670/data_output/raw_logs_by_user_grade/user_9151_item_94_grade_1673269996.csv
9151,95,7,1673110615,1673639874,\mod_assign\event\assessable_submitted,50,../data/data_670/data_output/raw_logs_by_user_grade/user_9151_item_95_grade_1673639874.csv
8860,96,7,1671289260,1672748135,\mod_assign\event\assessable_submitted,10,../data/data_670/data_output/raw_logs_by_user_grade/user_8860_item_96_grade_1672748135.csv
9152,97,7,1669645321,1672747789,\mod_assign\event\assessable_submitted,160,../data/data_670/data_output/raw_logs_by_user_grade/user_9152_item_97_grade_1672747789.csv
9169,98,7,1669645083,1672745626,\mod_assign\event\assessable_submitted,102,../data/data_670/data_output/raw_logs_by_user_grade/user_9169_item_98_grade_1672745626.csv
9152,99,7,1669645321,1672745626,\mod_assign\event\assessable_submitted,160,../data/data_670/data_output/raw_logs_by_user_grade/user_9152_item_99_grade_1672745626.csv
9220,100,7,1670892020,1672743318,\mod_assign\event\assessable_submitted,19,../data/data_670/data_output/raw_logs_by_user_grade/user_9220_item_100_grade_1672743318.csv
9169,101,8,1669645083,1672743318,\mod_assign\event\assessable_submitted,102,../data/data_670/data_output/raw_logs_by_user_grade/user_9169_item_101_grade_1672743318.csv
9152,102,6,1669645321,1672743318,\mod_assign\event\assessable_submitted,159,../data/data_670/data_output/raw_logs_by_user_grade/user_9152_item_102_grade_1672743318.csv
8860,103,5,1671289260,1672743317,\mod_assign\event\assessable_submitted,10,../data/data_670/data_output/raw_logs_by_user_grade/user_8860_item_103_grade_1672743317.csv
9169,104,10,1669645083,1672742829,\mod_assign\event\assessable_submitted,102,../data/data_670/data_output/raw_logs_by_user_grade/user_9169_item_104_grade_1672742829.csv
9152,105,10,1669645321,1672742829,\mod_assign\event\assessable_submitted,159,../data/data_670/data_output/raw_logs_by_user_grade/user_9152_item_105_grade_1672742829.csv
9169,107,10,1669645083,1672742326,\mod_assign\event\assessable_submitted,102,../data/data_670/data_output/raw_logs_by_user_grade/user_9169_item_107_grade_1672742326.csv
9152,108,10,1669645321,1672742326,\mod_assign\event\assessable_submitted,159,../data/data_670/data_output/raw_logs_by_user_grade/user_9152_item_108_grade_1672742326.csv
9169,109,10,1669645083,1672740418,\mod_assign\event\assessable_submitted,102,../data/data_670/data_output/raw_logs_by_user_grade/user_9169_item_109_grade_1672740418.csv
9152,110,10,1669645321,1672739544,\mod_assign\event\assessable_submitted,159,../data/data_670/data_output/raw_logs_by_user_grade/user_9152_item_110_grade_1672739544.csv
8860,111,7,1671289260,1672679405,\mod_assign\event\assessable_submitted,10,../data/data_670/data_output/raw_logs_by_user_grade/user_8860_item_111_grade_1672679405.csv
9220,112,10,1670892020,1672672247,\mod_assign\event\assessable_submitted,17,../data/data_670/data_output/raw_logs_by_user_grade/user_9220_item_112_grade_1672672247.csv
9169,113,10,1669645083,1672672247,\mod_assign\event\assessable_submitted,97,../data/data_670/data_output/raw_logs_by_user_grade/user_9169_item_113_grade_1672672247.csv
9152,114,10,1669645321,1672672247,\mod_assign\event\assessable_submitted,159,../data/data_670/data_output/raw_logs_by_user_grade/user_9152_item_114_grade_1672672247.csv
8860,115,8,1671289260,1672672247,\mod_assign\event\assessable_submitted,10,../data/data_670/data_output/raw_logs_by_user_grade/user_8860_item_115_grade_1672672247.csv
9220,116,9,1670892020,1672670693,\mod_assign\event\assessable_submitted,17,../data/data_670/data_output/raw_logs_by_user_grade/user_9220_item_116_grade_1672670693.csv
9169,117,10,1669645083,1672670693,\mod_assign\event\assessable_submitted,97,../data/data_670/data_output/raw_logs_by_user_grade/user_9169_item_117_grade_1672670693.csv
9152,118,10,1669645321,1672670693,\mod_assign\event\assessable_submitted,159,../data/data_670/data_output/raw_logs_by_user_grade/user_9152_item_118_grade_1672670693.csv
9220,119,10,1670892020,1672668334,\mod_assign\event\assessable_submitted,17,../data/data_670/data_output/raw_logs_by_user_grade/user_9220_item_119_grade_1672668334.csv
9169,120,10,1669645083,1672668334,\mod_assign\event\assessable_submitted,97,../data/data_670/data_output/raw_logs_by_user_grade/user_9169_item_120_grade_1672668334.csv
9152,121,10,1669645321,1672668333,\mod_assign\event\assessable_submitted,159,../data/data_670/data_output/raw_logs_by_user_grade/user_9152_item_121_grade_1672668333.csv
9220,122,7,1670892020,1672666326,\mod_assign\event\assessable_submitted,17,../data/data_670/data_output/raw_logs_by_user_grade/user_9220_item_122_grade_1672666326.csv
9169,123,10,1669645083,1672666325,\mod_assign\event\assessable_submitted,97,../data/data_670/data_output/raw_logs_by_user_grade/user_9169_item_123_grade_1672666325.csv
9152,124,10,1669645321,1672666325,\mod_assign\event\assessable_submitted,159,../data/data_670/data_output/raw_logs_by_user_grade/user_9152_item_124_grade_1672666325.csv
9220,125,3,1670892020,1672662430,\mod_assign\event\assessable_submitted,17,../data/data_670/data_output/raw_logs_by_user_grade/user_9220_item_125_grade_1672662430.csv
9169,126,3,1669645083,1672662430,\mod_assign\event\assessable_submitted,97,../data/data_670/data_output/raw_logs_by_user_grade/user_9169_item_126_grade_1672662430.csv
9152,127,3,1669645321,1672662430,\mod_assign\event\assessable_submitted,159,../data/data_670/data_output/raw_logs_by_user_grade/user_9152_item_127_grade_1672662430.csv
9169,128,9,1669645083,1672662055,\mod_assign\event\assessable_submitted,97,../data/data_670/data_output/raw_logs_by_user_grade/user_9169_item_128_grade_1672662055.csv
9152,129,10,1669645321,1672661772,\mod_assign\event\assessable_submitted,159,../data/data_670/data_output/raw_logs_by_user_grade/user_9152_item_129_grade_1672661772.csv
8609,130,10,1671791146,1672747512,\mod_assign\event\assessable_submitted,22,../data/data_670/data_output/raw_logs_by_user_grade/user_8609_item_130_grade_1672747512.csv
9151,131,6,1671740069,1672747789,\mod_assign\event\assessable_submitted,10,../data/data_670/data_output/raw_logs_by_user_grade/user_9151_item_131_grade_1672747789.csv
9151,132,7,1671740069,1672747512,\mod_assign\event\assessable_submitted,10,../data/data_670/data_output/raw_logs_by_user_grade/user_9151_item_132_grade_1672747512.csv
9151,133,9,1671740069,1672680762,\mod_assign\event\assessable_submitted,10,../data/data_670/data_output/raw_logs_by_user_grade/user_9151_item_133_grade_1672680762.csv
9151,134,10,1671740069,1672745626,\mod_assign\event\assessable_submitted,10,../data/data_670/data_output/raw_logs_by_user_grade/user_9151_item_134_grade_1672745626.csv
8860,135,3,1671289260,1672745625,\mod_assign\event\assessable_submitted,10,../data/data_670/data_output/raw_logs_by_user_grade/user_8860_item_135_grade_1672745625.csv
8860,136,7,1671289260,1672747789,\mod_assign\event\assessable_submitted,10,../data/data_670/data_output/raw_logs_by_user_grade/user_8860_item_136_grade_1672747789.csv
8670,137,9,1671102601,1672748396,\mod_assign\event\assessable_submitted,43,../data/data_670/data_output/raw_logs_by_user_grade/user_8670_item_137_grade_1672748396.csv
9220,138,9,1670892020,1672747789,\mod_assign\event\assessable_submitted,19,../data/data_670/data_output/raw_logs_by_user_grade/user_9220_item_138_grade_1672747789.csv
9220,139,7,1670892020,1672748135,\mod_assign\event\assessable_submitted,26,../data/data_670/data_output/raw_logs_by_user_grade/user_9220_item_139_grade_1672748135.csv
9220,140,7,1670892020,1672740795,\mod_assign\event\assessable_submitted,19,../data/data_670/data_output/raw_logs_by_user_grade/user_9220_item_140_grade_1672740795.csv
8670,141,7,1671102601,1672672762,\mod_assign\event\assessable_submitted,43,../data/data_670/data_output/raw_logs_by_user_grade/user_8670_item_141_grade_1672672762.csv
8860,142,7,1671289260,1672748396,\mod_assign\event\assessable_submitted,10,../data/data_670/data_output/raw_logs_by_user_grade/user_8860_item_142_grade_1672748396.csv
9220,143,10,1670892020,1672742829,\mod_assign\event\assessable_submitted,19,../data/data_670/data_output/raw_logs_by_user_grade/user_9220_item_143_grade_1672742829.csv
9220,144,10,1670892020,1672742326,\mod_assign\event\assessable_submitted,19,../data/data_670/data_output/raw_logs_by_user_grade/user_9220_item_144_grade_1672742326.csv
8860,145,7,1671289260,1672747512,\mod_assign\event\assessable_submitted,10,../data/data_670/data_output/raw_logs_by_user_grade/user_8860_item_145_grade_1672747512.csv
9109,146,10,1670355968,1672747789,\mod_assign\event\assessable_submitted,91,../data/data_670/data_output/raw_logs_by_user_grade/user_9109_item_146_grade_1672747789.csv
9220,147,9,1670892020,1672748396,\mod_assign\event\assessable_submitted,26,../data/data_670/data_output/raw_logs_by_user_grade/user_9220_item_147_grade_1672748396.csv
8860,148,10,1671289260,1672742829,\mod_assign\event\assessable_submitted,10,../data/data_670/data_output/raw_logs_by_user_grade/user_8860_item_148_grade_1672742829.csv
9109,149,9,1670355968,1672748396,\mod_assign\event\assessable_submitted,91,../data/data_670/data_output/raw_logs_by_user_grade/user_9109_item_149_grade_1672748396.csv
9109,150,10,1670355968,1672742829,\mod_assign\event\assessable_submitted,91,../data/data_670/data_output/raw_logs_by_user_grade/user_9109_item_150_grade_1672742829.csv
9109,151,10,1670355968,1672742326,\mod_assign\event\assessable_submitted,91,../data/data_670/data_output/raw_logs_by_user_grade/user_9109_item_151_grade_1672742326.csv
9109,152,10,1670355968,1672680486,\mod_assign\event\assessable_submitted,72,../data/data_670/data_output/raw_logs_by_user_grade/user_9109_item_152_grade_1672680486.csv
9109,153,9,1670355968,1672745626,\mod_assign\event\assessable_submitted,91,../data/data_670/data_output/raw_logs_by_user_grade/user_9109_item_153_grade_1672745626.csv
9109,154,10,1670355968,1672668333,\mod_assign\event\assessable_submitted,72,../data/data_670/data_output/raw_logs_by_user_grade/user_9109_item_154_grade_1672668333.csv
9109,155,10,1670355968,1672666325,\mod_assign\event\assessable_submitted,72,../data/data_670/data_output/raw_logs_by_user_grade/user_9109_item_155_grade_1672666325.csv
9109,156,10,1670355968,1672662430,\mod_assign\event\assessable_submitted,72,../data/data_670/data_output/raw_logs_by_user_grade/user_9109_item_156_grade_1672662430.csv
9109,157,10,1670355968,1672661772,\mod_assign\event\assessable_submitted,72,../data/data_670/data_output/raw_logs_by_user_grade/user_9109_item_157_grade_1672661772.csv
9109,158,10,1670355968,1672747512,\mod_assign\event\assessable_submitted,91,../data/data_670/data_output/raw_logs_by_user_grade/user_9109_item_158_grade_1672747512.csv
9109,159,10,1670355968,1672672247,\mod_assign\event\assessable_submitted,72,../data/data_670/data_output/raw_logs_by_user_grade/user_9109_item_159_grade_1672672247.csv
9109,160,6,1670355968,1672670693,\mod_assign\event\assessable_submitted,72,../data/data_670/data_output/raw_logs_by_user_grade/user_9109_item_160_grade_1672670693.csv
9109,161,8,1670355968,1672743318,\mod_assign\event\assessable_submitted,91,../data/data_670/data_output/raw_logs_by_user_grade/user_9109_item_161_grade_1672743318.csv
8609,162,10,1671791146,1672742828,\mod_assign\event\assessable_submitted,22,../data/data_670/data_output/raw_logs_by_user_grade/user_8609_item_162_grade_1672742828.csv
8609,163,10,1671791146,1672742326,\mod_assign\event\assessable_submitted,22,../data/data_670/data_output/raw_logs_by_user_grade/user_8609_item_163_grade_1672742326.csv
8609,164,9,1671791146,1672747788,\mod_assign\event\assessable_submitted,22,../data/data_670/data_output/raw_logs_by_user_grade/user_8609_item_164_grade_1672747788.csv
8609,165,7,1671791146,1672745625,\mod_assign\event\assessable_submitted,22,../data/data_670/data_output/raw_logs_by_user_grade/user_8609_item_165_grade_1672745625.csv
8609,166,10,1671791146,1672668333,\mod_assign\event\assessable_submitted,21,../data/data_670/data_output/raw_logs_by_user_grade/user_8609_item_166_grade_1672668333.csv
8609,167,10,1671791146,1672666325,\mod_assign\event\assessable_submitted,21,../data/data_670/data_output/raw_logs_by_user_grade/user_8609_item_167_grade_1672666325.csv
8609,168,10,1671791146,1672662430,\mod_assign\event\assessable_submitted,21,../data/data_670/data_output/raw_logs_by_user_grade/user_8609_item_168_grade_1672662430.csv
8609,169,10,1671791146,1672661772,\mod_assign\event\assessable_submitted,21,../data/data_670/data_output/raw_logs_by_user_grade/user_8609_item_169_grade_1672661772.csv
8609,170,10,1671791146,1672672247,\mod_assign\event\assessable_submitted,21,../data/data_670/data_output/raw_logs_by_user_grade/user_8609_item_170_grade_1672672247.csv
8609,171,10,1671791146,1672670693,\mod_assign\event\assessable_submitted,21,../data/data_670/data_output/raw_logs_by_user_grade/user_8609_item_171_grade_1672670693.csv
8609,172,9,1671791146,1672743317,\mod_assign\event\assessable_submitted,22,../data/data_670/data_output/raw_logs_by_user_grade/user_8609_item_172_grade_1672743317.csv
9183,173,10,1667326551,1672672247,\mod_assign\event\assessable_submitted,24,../data/data_670/data_output/raw_logs_by_user_grade/user_9183_item_173_grade_1672672247.csv
9183,174,10,1667326551,1672670693,\mod_assign\event\assessable_submitted,24,../data/data_670/data_output/raw_logs_by_user_grade/user_9183_item_174_grade_1672670693.csv
9183,175,10,1667326551,1672668334,\mod_assign\event\assessable_submitted,24,../data/data_670/data_output/raw_logs_by_user_grade/user_9183_item_175_grade_1672668334.csv
9183,176,10,1667326551,1672666325,\mod_assign\event\assessable_submitted,24,../data/data_670/data_output/raw_logs_by_user_grade/user_9183_item_176_grade_1672666325.csv
9183,177,10,1667326551,1672662430,\mod_assign\event\assessable_submitted,24,../data/data_670/data_output/raw_logs_by_user_grade/user_9183_item_177_grade_1672662430.csv
9183,178,10,1667326551,1672662055,\mod_assign\event\assessable_submitted,24,../data/data_670/data_output/raw_logs_by_user_grade/user_9183_item_178_grade_1672662055.csv
8670,179,10,1671102601,1672742829,\mod_assign\event\assessable_submitted,43,../data/data_670/data_output/raw_logs_by_user_grade/user_8670_item_179_grade_1672742829.csv
8670,180,10,1671102601,1672742326,\mod_assign\event\assessable_submitted,43,../data/data_670/data_output/raw_logs_by_user_grade/user_8670_item_180_grade_1672742326.csv
8670,181,10,1671102601,1672747789,\mod_assign\event\assessable_submitted,43,../data/data_670/data_output/raw_logs_by_user_grade/user_8670_item_181_grade_1672747789.csv
8670,182,10,1671102601,1672747512,\mod_assign\event\assessable_submitted,43,../data/data_670/data_output/raw_logs_by_user_grade/user_8670_item_182_grade_1672747512.csv
8670,183,10,1671102601,1672672247,\mod_assign\event\assessable_submitted,43,../data/data_670/data_output/raw_logs_by_user_grade/user_8670_item_183_grade_1672672247.csv
9227,185,10,1667055087,1672662055,\assignsubmission_onlinetext\event\assessable_uploaded,123,../data/data_670/data_output/raw_logs_by_user_grade/user_9227_item_185_grade_1672662055.csv
9227,186,10,1667055087,1672672247,\assignsubmission_onlinetext\event\assessable_uploaded,123,../data/data_670/data_output/raw_logs_by_user_grade/user_9227_item_186_grade_1672672247.csv
9227,187,10,1667055087,1672670693,\assignsubmission_onlinetext\event\assessable_uploaded,123,../data/data_670/data_output/raw_logs_by_user_grade/user_9227_item_187_grade_1672670693.csv
9227,188,10,1667055087,1672743318,\assignsubmission_onlinetext\event\assessable_uploaded,123,../data/data_670/data_output/raw_logs_by_user_grade/user_9227_item_188_grade_1672743318.csv
9146,189,10,1668475293,1672668333,\mod_assign\event\assessable_submitted,57,../data/data_670/data_output/raw_logs_by_user_grade/user_9146_item_189_grade_1672668333.csv
9146,190,10,1668475293,1672666325,\mod_assign\event\assessable_submitted,57,../data/data_670/data_output/raw_logs_by_user_grade/user_9146_item_190_grade_1672666325.csv
9146,191,8,1674101545,1674134516,\mod_assign\event\assessable_submitted,22,../data/data_670/data_output/raw_logs_by_user_grade/user_9146_item_191_grade_1674134516.csv
9146,192,10,1668475293,1672661772,\mod_assign\event\assessable_submitted,53,../data/data_670/data_output/raw_logs_by_user_grade/user_9146_item_192_grade_1672661772.csv
9146,193,10,1668475293,1672672247,\mod_assign\event\assessable_submitted,65,../data/data_670/data_output/raw_logs_by_user_grade/user_9146_item_193_grade_1672672247.csv
9146,194,10,1668475293,1672670693,\mod_assign\event\assessable_submitted,60,../data/data_670/data_output/raw_logs_by_user_grade/user_9146_item_194_grade_1672670693.csv
9043,195,10,1668779588,1672748396,\mod_assign\event\assessable_submitted,82,../data/data_670/data_output/raw_logs_by_user_grade/user_9043_item_195_grade_1672748396.csv
9043,196,10,1668779588,1672742829,\mod_assign\event\assessable_submitted,82,../data/data_670/data_output/raw_logs_by_user_grade/user_9043_item_196_grade_1672742829.csv
9043,197,10,1668779588,1672742326,\mod_assign\event\assessable_submitted,82,../data/data_670/data_output/raw_logs_by_user_grade/user_9043_item_197_grade_1672742326.csv
9043,198,9,1668779588,1672679915,\mod_assign\event\assessable_submitted,82,../data/data_670/data_output/raw_logs_by_user_grade/user_9043_item_198_grade_1672679915.csv
9043,199,8,1668779588,1672747789,\mod_assign\event\assessable_submitted,82,../data/data_670/data_output/raw_logs_by_user_grade/user_9043_item_199_grade_1672747789.csv
9043,200,10,1668779588,1672668333,\mod_assign\event\assessable_submitted,82,../data/data_670/data_output/raw_logs_by_user_grade/user_9043_item_200_grade_1672668333.csv
9043,201,10,1668779588,1672666325,\mod_assign\event\assessable_submitted,82,../data/data_670/data_output/raw_logs_by_user_grade/user_9043_item_201_grade_1672666325.csv
9043,202,3,1668779588,1672662430,\mod_assign\event\assessable_submitted,82,../data/data_670/data_output/raw_logs_by_user_grade/user_9043_item_202_grade_1672662430.csv
9043,203,10,1668779588,1672661772,\mod_assign\event\assessable_submitted,82,../data/data_670/data_output/raw_logs_by_user_grade/user_9043_item_203_grade_1672661772.csv
9043,204,10,1668779588,1672672247,\mod_assign\event\assessable_submitted,82,../data/data_670/data_output/raw_logs_by_user_grade/user_9043_item_204_grade_1672672247.csv
9043,205,8,1668779588,1672670693,\mod_assign\event\assessable_submitted,82,../data/data_670/data_output/raw_logs_by_user_grade/user_9043_item_205_grade_1672670693.csv
9043,206,6,1668779588,1672743317,\mod_assign\event\assessable_submitted,82,../data/data_670/data_output/raw_logs_by_user_grade/user_9043_item_206_grade_1672743317.csv
9260,207,10,1667552994,1672742829,\mod_assign\event\assessable_submitted,182,../data/data_670/data_output/raw_logs_by_user_grade/user_9260_item_207_grade_1672742829.csv
9260,208,10,1667552994,1672742327,\mod_assign\event\assessable_submitted,182,../data/data_670/data_output/raw_logs_by_user_grade/user_9260_item_208_grade_1672742327.csv
9260,209,10,1667552994,1672742067,\mod_assign\event\assessable_submitted,182,../data/data_670/data_output/raw_logs_by_user_grade/user_9260_item_209_grade_1672742067.csv
9260,210,7,1667552994,1672745626,\mod_assign\event\assessable_submitted,190,../data/data_670/data_output/raw_logs_by_user_grade/user_9260_item_210_grade_1672745626.csv
9260,211,10,1667552994,1672668334,\mod_assign\event\assessable_submitted,144,../data/data_670/data_output/raw_logs_by_user_grade/user_9260_item_211_grade_1672668334.csv
9260,212,10,1667552994,1672666326,\mod_assign\event\assessable_submitted,144,../data/data_670/data_output/raw_logs_by_user_grade/user_9260_item_212_grade_1672666326.csv
9260,213,3,1667552994,1672662430,\mod_assign\event\assessable_submitted,144,../data/data_670/data_output/raw_logs_by_user_grade/user_9260_item_213_grade_1672662430.csv
9260,214,6,1667552994,1672662055,\mod_assign\event\assessable_submitted,144,../data/data_670/data_output/raw_logs_by_user_grade/user_9260_item_214_grade_1672662055.csv
9260,215,10,1667552994,1672672247,\mod_assign\event\assessable_submitted,144,../data/data_670/data_output/raw_logs_by_user_grade/user_9260_item_215_grade_1672672247.csv
9260,216,10,1667552994,1672670693,\mod_assign\event\assessable_submitted,144,../data/data_670/data_output/raw_logs_by_user_grade/user_9260_item_216_grade_1672670693.csv
9260,217,7,1667552994,1672743318,\mod_assign\event\assessable_submitted,190,../data/data_670/data_output/raw_logs_by_user_grade/user_9260_item_217_grade_1672743318.csv
9151,218,10,1671740069,1672742829,\mod_assign\event\assessable_submitted,10,../data/data_670/data_output/raw_logs_by_user_grade/user_9151_item_218_grade_1672742829.csv
9151,219,10,1671740069,1672742326,\mod_assign\event\assessable_submitted,10,../data/data_670/data_output/raw_logs_by_user_grade/user_9151_item_219_grade_1672742326.csv
9151,220,10,1671740069,1672668333,\mod_assign\event\assessable_submitted,10,../data/data_670/data_output/raw_logs_by_user_grade/user_9151_item_220_grade_1672668333.csv
9151,221,10,1671740069,1672666325,\mod_assign\event\assessable_submitted,10,../data/data_670/data_output/raw_logs_by_user_grade/user_9151_item_221_grade_1672666325.csv
9151,222,2,1673946142,1674467756,\mod_quiz\event\attempt_submitted,29,../data/data_670/data_output/raw_logs_by_user_grade/user_9151_item_222_grade_1674467756.csv
9151,223,9,1671740069,1672661772,\mod_assign\event\assessable_submitted,10,../data/data_670/data_output/raw_logs_by_user_grade/user_9151_item_223_grade_1672661772.csv
9151,224,10,1671740069,1672672247,\mod_assign\event\assessable_submitted,10,../data/data_670/data_output/raw_logs_by_user_grade/user_9151_item_224_grade_1672672247.csv
9151,225,6,1671740069,1672670693,\mod_assign\event\assessable_submitted,10,../data/data_670/data_output/raw_logs_by_user_grade/user_9151_item_225_grade_1672670693.csv
9151,226,10,1671740069,1672743318,\mod_assign\event\assessable_submitted,10,../data/data_670/data_output/raw_logs_by_user_grade/user_9151_item_226_grade_1672743318.csv
9152,227,10,1669645321,1672747512,\mod_assign\event\assessable_submitted,160,../data/data_670/data_output/raw_logs_by_user_grade/user_9152_item_227_grade_1672747512.csv
9169,228,10,1669645083,1672747512,\mod_assign\event\assessable_submitted,102,../data/data_670/data_output/raw_logs_by_user_grade/user_9169_item_228_grade_1672747512.csv
9169,229,9,1669645083,1672747789,\mod_assign\event\assessable_submitted,102,../data/data_670/data_output/raw_logs_by_user_grade/user_9169_item_229_grade_1672747789.csv
8860,230,10,1671289260,1672742326,\mod_assign\event\assessable_submitted,10,../data/data_670/data_output/raw_logs_by_user_grade/user_8860_item_230_grade_1672742326.csv
9220,231,10,1670892020,1672662055,\mod_assign\event\assessable_submitted,17,../data/data_670/data_output/raw_logs_by_user_grade/user_9220_item_231_grade_1672662055.csv
